Sequence,Norm,Label
LQELMKRASSAGAKSGMGSC,1.455522024,1
VRPINQKQLKSNIWYFHGSC,1.231906177,1
FEPSVKKFSQEREKMSPGSC,1.229177874,1
IIRLDFFWWFHYGQNMEGSC,1.295983077,1
IKEKPVLWQWHMPKAVGGSC,1.688129695,1
GEDLQFAFPEIRRWSIRGSC,1.275512861,1
RRLTKGIIRQYESQLWDGSC,1.323662557,1
VISMLNKEISMPRPQTRGSC,1.469598216,1
KAPKPIPSILQWWRPHEGSC,1.156537183,1
LLYNKTFPHGRWSPSYPGSC,2.934998041,1
EPPMKGQHGSQKPRLYNGSC,1.184491091,1
FKLDIFMDEYVFSFHGRGSC,3.601449017,1
RIGVDPNLRSMGIVNDRGSC,1.315379098,1
AVMYLPMYVHAKWKILVGSC,1.096943102,1
IVDMEHGTVGQRGTNRSGSC,1.115052616,1
ELGVVWHTRFGGQRKLDGSC,1.136265984,1
FTGKWVHLERHVSIAVWGSC,2.161755914,1
SHSISEMSIENMQYKANGSC,1.145279254,1
YKDLTRSKMIGRMLVKKGSC,1.211583324,1
HQTWPPGWNKKVLYYFFGSC,1.972043488,1
WSRKEEETRTTRRESTKGSC,1.41681695,1
FTGKPSVHHMKPQNIDRGSC,2.639082136,1
KEHAQYAVKKDTVRHVQGSC,1.778111239,1
LMELFYPGNAHHMHQLPGSC,1.443536036,1
SWAVPHGTPWKDWGNMKGSC,2.459513334,1
FYGQGWRWPVNTIHLKEGSC,2.368889524,1
ILLAHHMPQSMIWNTRKGSC,3.285192455,1
DTKGQGDMTARMYSGARGSC,1.092832796,1
WTLDVSVNNHIKWRKSHGSC,1.135557802,1
DRMSSQIHIYFHANRGLGSC,1.113320748,1
REREWMPLTHQRNTKVSGSC,1.864982587,1
LIVFTKGHRMYNDIPTNGSC,2.908386827,1
AATMWIMFVKSSTLWMKGSC,1.331157386,1
WWDHRVNSWARKSVAWLGSC,1.512537291,1
VLKHHRVKAFKFWHEYIGSC,1.778451806,1
LQNHRINNSQEILHKQKGSC,2.522382021,1
FEIDKLGHRAWPHSHKRGSC,1.270119874,1
LPVAWLHYSRVKAVPLPGSC,1.375467798,1
LKQTAHSDHIFWGRKRAGSC,1.136108382,1
MRTVYRDSYHIMMFRKMGSC,3.846677083,1
SDSQLVARHNRGKTDKSGSC,1.956028419,1
IRHDLPRVGQTKNFVAFGSC,3.297327131,1
DRQELTYVTMNTHDKGQGSC,2.004056413,1
QEHSASQIIEDVNTKFRGSC,1.096344386,1
SFGHIFKNGQTIPLKYRGSC,2.063215486,1
RLTKKHLEARIDVGTRAGSC,2.174980346,1
SHRDHRQEEHHDTSTDDGSC,1.124847285,1
NIPVKYNKTPKSQARMLGSC,1.352077377,1
WLHDKIKIPHTMRVHGSGSC,1.632399138,1
PMTGKYLGMTKSSRDLGGSC,1.170923501,1
VPHWKMMWMSGTVNADRGSC,1.388198572,1
KSHFRIYRSPNNTNTSEGSC,1.147359907,1
QDVNKDTEDIQQGGVFPGSC,2.235886345,1
ERLKFDGFSQPVGFQNKGSC,1.383815731,1
DRYQTFNKRGKNYEPHSGSC,4.974740848,1
QTFFEIAYRMASKPEFKGSC,4.792166785,1
PQTMRGEKIRWNVMPTLGSC,1.336178455,1
VFWHKDYRNKVMNYMTHGSC,6.301407864,1
LEYRVMGRTSYKGSPQKGSC,2.411973171,1
AHGRLWTAMFHGMQQKVGSC,1.180141052,1
EMKPFDWKLKTVRLELLGSC,2.069483053,1
WFLPKKAVGSPAGGMFGGSC,3.921588277,1
YHLIDYVLSWFSMRIKVGSC,1.422414979,1
VNFQNYKGQPHIGMHSQGSC,2.470467313,1
LMPKFIGQNQQRGHQKPGSC,1.348231273,1
DHDMSRYAEDNGWSADEGSC,1.265774393,1
IILLIIVAGFVFVMAMGGSC,1.293239347,1
KDLEIAKTRERRMYRGYGSC,1.151164118,1
PDAAYFRDKFPKWKPSMGSC,3.684738978,1
YTHFTIPSFSRHWNAPHGSC,1.422320578,1
LRSRRWREKTELWGLKKGSC,3.22609303,1
VSPVGIWHLKKGITITMGSC,1.518763545,1
NKKFGNKWPIASNRYSTGSC,1.366730479,1
KSFHMNQWHKMVDNPIKGSC,1.227689752,1
PHQRNGQWVGQVASGEKGSC,2.080643124,1
GYQYDTWWMIEVKLVPRGSC,2.103761218,1
HEMVVLWSGTFGGWMYKGSC,1.300165974,1
ITMQRVMQYQKHDKDTIGSC,4.511246527,1
MGMATDWVTTSKRFPAAGSC,1.366775231,1
LKTYRRKSMQEPVQRLKGSC,2.020627908,1
QISNGVAKLARKKVISSGSC,1.274323503,1
GTQPMVAWKDVYGIVVYGSC,3.722913302,1
IRESKGVLLTMMVVHRAGSC,2.181623206,1
MLQMNQSNNYALGPRRQGSC,3.711298848,1
SMLRWFMKPVERDKKFVGSC,1.980670908,1
VRKTHKGQLETSRLDTKGSC,1.417179725,1
SVQAMLIYAKHRNVLSRGSC,1.082217175,1
WWFWHWFWRKWRKPRKWGSC,1.245886164,1
YNSRIEFHARFMTWDFHGSC,1.217462681,1
VKNRPMFNISGIFWFMPGSC,1.956383217,1
LHVQSRVFVPHHRQWKEGSC,1.757706772,1
TWGMIGYQIHRPYFFVTGSC,1.591513089,1
SEIQPQVYSNPPNGRRNGSC,1.450635873,1
TPFAKERDRMSSSQMWKGSC,2.425855458,1
WGKPMKPTFATFFVMFKGSC,1.199288139,1
PWQETGSLSIITLKYRQGSC,1.635352469,1
HILTNQNTDITGNEKEGGSC,1.209998292,1
MAWRLQANNINSSGWKFGSC,3.417118102,1
HHKNKKQQQHHKQKKQHGSC,3.766023031,1
DQDQQQDQTEEEDEDETGSC,1.178193884,1
ERRIGHWGPGPGPTFIKGSC,1.242718993,1
VWAIPGWKRSRWAVQYPGSC,1.848852343,1
HRPRKKFHKFPRKWRRHGSC,1.11544606,1
RRFHRSPYENKELSSNGGSC,2.248378268,1
SVYQQYSRKDNMFLPFVGSC,1.315913296,1
LLTKIMWNDDTPFKRQRGSC,1.307145871,1
QVDWTRWRKPKNEMAWKGSC,1.406477878,1
KGIGPITDGYMPQRWHVGSC,1.105436617,1
KVFEDNDNNVPYPINKRGSC,2.657991848,1
QWANNLHHIVNKSKNMWGSC,1.128967937,1
YWSLVYNPTVKHRSFQDGSC,1.443170868,1
QGPQTYSDQNPTPSITPGSC,1.178582838,1
KKFHPHFKPWHFRHKKPGSC,1.093161096,1
VYHKYIFIAQAEKTTVSGSC,1.182160324,1
DEMIVYNVFDKIERSTVGSC,3.419872816,1
VPMKRYMRSDHGQWNMHGSC,1.643179023,1
IEAMGPSQRYRGRYELIGSC,2.585798869,1
WLMPLRDKAMNPNSRFEGSC,1.095200637,1
FTAPGHYQREGPSMRTSGSC,1.435348895,1
QSHMTLAPRRYKKGIFNGSC,2.072502061,1
IGLKLKTWQSWRYNHRFGSC,1.141418794,1
NPMPHASVWEVPARAKYGSC,1.658337081,1
NNGNYGFDALAYYYSFQGSC,1.246457743,1
MMLHMELRWMRWGEHQSGSC,2.236274408,1
KDKVEFHVHPHMIRMGNGSC,2.363562959,1
RHTLAIRPYGDVSLYKAGSC,1.40033846,1
KMRTITYYHLQAILKQRGSC,1.375619049,1
NSHYDKQKDNEEKTEEHGSC,1.62563185,1
SKPKRVMRNWNSQSWDPGSC,1.150701585,1
RSLDWKTRLAQQRYVSMGSC,1.189796695,1
FMTQLIDSAIFPWHKKTGSC,1.35583846,1
YKWFKAKPGTNVKLELPGSC,1.166328954,1
ISGEVRDYRFLGAMAPAGSC,2.217756417,1
AFRRIYMQRYGPQIGAMGSC,1.083592297,1
GWHKKHGKDMMMISARQGSC,1.439902742,1
HRGAVGSVWRKYGREHPGSC,3.917358058,1
GRANISTWHLERVGHLRGSC,3.083149727,1
RQDQHQKRWFLQIRGHTGSC,2.442584319,1
NLHFIYPHRNGTHSNQKGSC,4.918026719,1
DNRGVWPFYQVHPKHFPGSC,3.632344724,1
LDPLFNTSIMVNWHRWMGSC,4.397915412,1
HYAHGIAAKRVGQQMKSGSC,2.314463685,1
KGFMKHTPEEPDAPGDGGSC,1.239762511,1
QPRHKSPMWQVKWFPRGGSC,2.155855349,1
LPFMLQQPMLQHHMVFMGSC,1.139657843,1
LKGQDDMTHWDNHDTEEGSC,1.12966057,1
VNVLPKQTLPKMPQNHLGSC,1.184647308,1
QYHHFMNLKRQGRAQAYGSC,2.335683921,1
RQVKLLGYFDNNQFYANGSC,1.178719551,1
PTHSQHLPLMWEQYKRAGSC,1.970011101,1
TRFSMEILTQGQHPSRMGSC,1.308334245,1
NPRGRTGVDHLYHSKHKGSC,2.763141738,1
IYLFSWAGKNHSSWKHFGSC,1.095351719,1
SRDAGLQYPYHRWLTGWGSC,1.647625853,1
AFRIFMEGDSQVAIAKKGSC,1.114516539,1
TNFNARNKASNNLQKFHGSC,1.575185078,1
KWTIKKIKEFTKFPSALGSC,2.014932838,1
ATNWQQFGRKIPEALSVGSC,1.259109583,1
GSMGFYGLTTDRWGAVRGSC,3.815513614,1
KIHADGYTLGSKYPWMIGSC,1.144298099,1
IEDTYLRFRHYGWYNNNGSC,1.359442042,1
NWGTYFITWGKRDYAAKGSC,1.207317249,1
KQSMTMQRKYWAAHNAPGSC,1.302947185,1
QMRLRAIPSAMSPKPRAGSC,1.300610391,1
EQWGAEIHQTNTGKHGKGSC,1.151336478,1
DAQWRENRVPNVRLHSFGSC,1.287980943,1
NMNARPYRSMEQDPKTKGSC,2.066070462,1
DEYERHQNIQGTGGQQTGSC,1.270042612,1
GLVSRIPSVPKHDEWTFGSC,1.995173221,1
EHSDLMVWFSHSAKSRPGSC,2.0136399,1
STQTPLPGRWILQWWVMGSC,1.802029795,1
AQIGAGIMHTHPFSTVKGSC,1.549294363,1
FQQWLHDTRLHMQFISRGSC,3.192347992,1
WIAMPAHDKMKLYPGYNGSC,1.091202736,1
QEETQDYEDSDDEDSEDGSC,1.540377987,1
YKIRKHNHWYDSAIQLPGSC,1.799892362,1
IHHLHYKLYNFGHKALTGSC,2.260643479,1
DRNFKSTQYPYYRAVYSGSC,2.238306612,1
MMMYNQHKPTQVHKQWGGSC,1.187936428,1
KGPRTVFHKAWSMSHMVGSC,1.275578533,1
SEQESTEEDNQYESDQQGSC,1.518109631,1
RGAAGKKAISMPMSKVFGSC,1.286278351,1
WRFEEEAGYRMHKVRIQGSC,1.769972334,1
ERNRRESDSKERKNYDHGSC,1.445146909,1
ALLKRYRITFTVYSIMKGSC,1.166979258,1
KYKQNKITPINWILFIQGSC,2.921836516,1
YENTNTVWNIRWNPFPRGSC,1.840150649,1
EPHQPTASRWTRIHNARGSC,1.792042644,1
LRQREAKNSPEQPDWKAGSC,1.114486743,1
WPKWKKWFKPRWHHWWRGSC,1.222310051,1
RMFGQLVIGNKEKSHRPGSC,1.112950326,1
VHMMSPGPTSKFNIIEVGSC,1.175324278,1
LDIKDNRYTGKGWMVERGSC,1.298176289,1
GWVGSVSKQWPHYQVNAGSC,2.520016445,1
KLVLQWAVHMRKWNAMDGSC,2.449885791,1
VFAVTSKKLRWRNSTVWGSC,1.695400445,1
GPQMWRGLGMKSWARQPGSC,1.946338361,1
FWFKEIVWTQFKKKNIYGSC,2.472903246,1
NQVFQREHGNQMKLMIFGSC,1.338716226,1
GHRTWIAMKVIHARTNEGSC,3.539473207,1
ERIYRDHFIHEHKANIIGSC,4.806760447,1
FRYVWHRSMVHELFWNKGSC,1.433820768,1
EGEITEGKKSKREGEDTGSC,1.264917832,1
LQLKREMDQFDLFRRMVGSC,1.402236784,1
GSERSRLGMEKVHFRISGSC,1.172050746,1
EGSMRRNSPHNQRAKTWGSC,1.358613974,1
GRPVLETDINKAYSGKNGSC,2.666141785,1
HQRQVYRMVTDYRYFQWGSC,1.128831708,1
TFSRHAMNYTFNQTRTFGSC,1.516314386,1
INVAGRRKYSIFSKERKGSC,1.178512348,1
EYSMRFKWKWMKPGSFRGSC,3.737704294,1
DAPKPVVHRKTDHVGKFGSC,2.894362658,1
FIIRGNQVRQAQAEVMEGSC,1.123438364,1
LTPFMLWQFETDKFMIKGSC,1.177946062,1
QNDNSQRDKDNNEQDHKGSC,1.298183119,1
VLMRAINKRDAALNWITGSC,1.950177139,1
FDIYAFFTDGGYFVKPTGSC,1.290034173,1
RNWEFANFQLHTENKRMGSC,2.304562796,1
AETTTLKAKATLTKLTLGSC,1.132954098,1
RWHHWWRKRPFWKWKKRGSC,1.252542364,1
SQHGTKNFQAPRLRMTAGSC,2.033333848,1
DKWEDHGWILTVHEWDRGSC,1.234528128,1
PMALPYNKKELLWKDNNGSC,1.09630071,1
DGHLIQGLHMARVVNTDGSC,4.14651638,1
ANWFKFMVQDQFWFETRGSC,1.13793622,1
MWGLDRNKQVQRHIYHQGSC,12.22474901,1
FGRTMHKMYQSFARQWNGSC,1.420905073,1
NVWVLRQVFALPEHANRGSC,1.854564078,1
KQFMERQYKEMFNTLKMGSC,1.133978491,1
YRVHQFVGRFPMPVWMHGSC,1.432489441,1
RWFPKKHHHRWRKWWKKGSC,1.873134938,1
SMFMYNYMLNFFPHIYYGSC,1.085108965,1
KWAMHAVSHRKKFMIDFGSC,1.545955973,1
WDYADINRYTAQEHTHTGSC,1.384379462,1
MTALFHEYSGWTSHPATGSC,4.743944352,1
NGYRINDHTPNQKPYSYGSC,4.779960233,1
LGRMHTRKGLAAYMGIAGSC,2.380387178,1
QSHMTLAPGIFRRYKKNGSC,1.102264032,1
IPGANGMKSHTYITTVHGSC,2.562420195,1
WFWKHKKWRRHPRKWHWGSC,1.934963495,1
AQHYQSFRLMTPHEVHKGSC,10.60437661,1
MYMWHLWRLMQQTFHRSGSC,2.495269174,1
IRFILVNWQTSIDVWDFGSC,1.469342248,1
WTNSAHWANAAATSVKGGSC,1.189950166,1
SQKNFMPHKIHEINGAAGSC,2.031862841,1
EQIFRGKQYVRSNTRNMGSC,3.207154352,1
LQSQLFVMTWVQHMNWTGSC,1.646994834,1
QVCSMCYLHLKKEIKRFGSC,3.584989642,1
NSYDFRSQPHGENTFRRGSC,3.463456017,1
TELVALKRRAKLLEVLAGSC,2.118221514,1
NPMNHVAPWIKKTDWLAGSC,3.48968361,1
SNPAPKTILSSHKGMSVGSC,1.090849601,1
PVYVQAQAYNLPNPSQLGSC,1.198819925,1
RAFMFIHEKSAPDNGTLGSC,1.1383611,1
RRKIQPAQAFHYTAKNKGSC,1.715928886,1
HDNKFLSMRKTDTASSGGSC,1.963436765,1
MPPYLHQIVANHKRPLKGSC,1.457646596,1
QTTRYDGRWNLRHVIMPGSC,1.129486691,1
VKFTLPQMITRHFFMNEGSC,1.125753569,1
RTRRQRSYFASPMHNMHGSC,8.178911548,1
HQTVSKAASRTTRYNDNGSC,1.235660089,1
RRRHHRHRFRRFKKKPKGSC,1.572801803,1
GSRSFMHWRHPTRWDMSGSC,3.293618955,1
DSEEDFKMEFMYNAELRGSC,2.214830826,1
FRNFPVPVIFRYLNPWPGSC,1.820199334,1
RVMPPNSYWNGNTMHILGSC,1.150586938,1
TRMYILHKRWQEAHNVNGSC,1.191717882,1
LGKYRYLSWQHPRRDYMGSC,1.761633399,1
NSIIKGQNRNIVREIRMGSC,1.319086883,1
AYVFNTNRTNAVDDSMVGSC,1.760338823,1
LYGVMDADKKPHARDRQGSC,1.530677753,1
RSKMGYPHFYQDFTERNGSC,3.116286302,1
PTWRLPPYTDPPKYWHPGSC,1.136205969,1
FMGGWERLFNKIFFHRLGSC,2.288129749,1
DRDWKTRSYPLVMVYKQGSC,1.450183177,1
YLQTAYPNPQKLFHMRSGSC,6.436924372,1
WGFHKYPLGTWLDLSLRGSC,2.529912223,1
PPKAAIVHYDPLVGPKGGSC,1.34893897,1
DLKIIVFKYGQGKSWHMGSC,3.494104899,1
QRNRHTSDDHKYNRDHTGSC,1.20068387,1
RSIDKQNYIKWIQFWQGGSC,1.371131459,1
RAMALSGYRNTPMNYGDGSC,1.192128508,1
GQSFIGPAHSTARARNEGSC,2.359060894,1
ELIEVWGFHMKMKFAKMGSC,2.102168262,1
IGHMSLKSIGMPRNAATGSC,2.455196333,1
PFDLPQGGGEKVRSNADGSC,1.24058756,1
NHQQKDQYNDERSQRQKGSC,1.807047259,1
GLYNRSRYNWTKRMHHEGSC,1.606358666,1
VNWPLKIPVQPLEGFQTGSC,2.390454953,1
PIQLERYSYTPRMAFILGSC,1.11238709,1
AKTQPEMIHQEYDSTPTGSC,1.113361673,1
EGRTLSKNQYEHNKGRHGSC,1.192615832,1
MADIDFIYVKWWMKKAHGSC,1.505537636,1
KKKRRRHFKRRFKRWHKGSC,1.57449354,1
STYKGPMPDIYRHSLHKGSC,1.801527606,1
LVTLRVKAAVTDTTRGAGSC,1.562988685,1
NMWWFFMMSFIQIKKQSGSC,1.115478846,1
ETLILVRMMWFMHKVLDGSC,1.654014355,1
KIFSILNGQMHKGYKDHGSC,6.874696387,1
DLWDNGPFSSLLTRTMHGSC,2.782359053,1
PENETYYTNMWVDPWATGSC,1.425277074,1
FRSIHPLSRNMVNVGKRGSC,1.630757257,1
KIGKIKTWGPTHRYDKDGSC,1.544144881,1
MMKIHFVVIVGTAQTTRGSC,1.665152082,1
IPRGWSTIGDMTNNINVGSC,1.202307647,1
SPSIHTTTYEHTKYPWKGSC,1.112456138,1
TEQETFRVKLWRWLLPRGSC,1.927458023,1
QMPAWASMVEWTMPHHSGSC,1.38394119,1
AMSFHRGWDRKYRMSNIGSC,1.115886053,1
NKWLAAKRLRAIYWQMKGSC,1.393146925,1
LIAITLVAKGLLLALTAGSC,1.360395414,1
DWKRYFQGDNQTVIYPFGSC,1.439220655,1
KENTPIYDFMYFMSQNSGSC,1.379726548,1
ARWSHFHRGMFIRGSNKGSC,1.253184942,1
WIIKYHRKFKDNFKKRTGSC,1.607887678,1
KTHHSMWKGRITHELFAGSC,1.58263747,1
QLKTPPTFKQSYNIIGPGSC,2.389323134,1
FWLNKTRGEIDMQMQRAGSC,1.848157104,1
NAIHQMAVFQGYRPKADGSC,1.236412967,1
GLKGISGVAKGIFALVTGSC,2.452259355,1
RTSFMQKKRRELMLRTFGSC,3.51026669,1
YNMMWGYKHPHRSNYQIGSC,2.807622621,1
TSATHDLSMTSNPIDQHGSC,2.047704919,1
FQVWSVAHNVIETKKGGGSC,1.322845959,1
GHYDQRMLNMYNPFPRLGSC,1.203147599,1
HQRAFWQEATIPQMGWKGSC,1.477646184,1
PSTKNHRLPAYKWKTLFGSC,1.889164132,1
PTNAKWVTINYWTIFKWGSC,1.54079782,1
RSTFKLSYMYSFNERNTGSC,1.249326182,1
YHISHRRPRIQGRRVEFGSC,2.961600825,1
LSQMRHMKRMMWGRANEGSC,1.255709324,1
AWQVRDNKKSLWTFHDSGSC,2.013435983,1
LAYKKAGYGPRPYWWAEGSC,1.239383958,1
SEHSHMWGRGWSRQQERGSC,1.322230203,1
YHNNPGFRVMQQNKLHHGSC,31.17904427,1
YEHVGTNHLQQNQIFAKGSC,1.983807139,1
VSIKMAIWMYPPQHWKVGSC,1.254210196,1
KKEWHVSKHMIYWTHLIGSC,1.418378933,1
KRRHKKHKHRHRHRFWWGSC,1.149292702,1
PWPKTAFMMKIIRIVKRGSC,1.436387935,1
LEWNPLKEQNNKRHAYKGSC,1.551400806,1
HAYKGPGDMRRFNHSGMGSC,1.704490265,1
TTHRKVRKQKRVKHTPFGSC,2.642912732,1
MIGMTRHHGIVMPFGSHGSC,3.053228764,1
DVIANMRYKTLTINFKRGSC,1.732871659,1
RENQHEIGVALARSHKMGSC,1.669254806,1
TIPAHNIFWILYFSIGTGSC,1.407696276,1
IPKPAHAFNQIRNFDMTGSC,1.134668494,1
EMNHGPVYMARYLFQPDGSC,3.362640897,1
QPLITRKTYPGRKGNLHGSC,1.114895677,1
GWAREHHWPRIIYGVLRGSC,2.613628123,1
TYAQHEQKITHQWRVPQGSC,2.182390267,1
RNREDTPPVPQIAFLIWGSC,1.138331923,1
RMHSVFMDSFRKYIMGFGSC,3.695737542,1
FPDIRPYKMVSQQGRNKGSC,2.085458158,1
FQTSPAYRYDFRTVSGKGSC,2.967588434,1
PFVYQWSVMKHHTKWHRGSC,2.060945636,1
RTIYRWSQGALSWYMDAGSC,1.662827627,1
YANRGNGKKVHWLLFYQGSC,1.956464725,1
WYWTWESMHGFKVKKWNGSC,2.855161965,1
AHKRRLASHMKIVKTNRGSC,1.664808004,1
MIMMHTAGYFRNHHKMIGSC,1.380850992,1
IGRKWRFFETKILHGSVGSC,2.937860374,1
LKANVGFIQDLNGEHDGGSC,1.598796431,1
RGGTFHQNMLQWNNQGEGSC,2.669026511,1
ETNRWHRNRQGYLAHSTGSC,4.840412352,1
LKMQVPMKNREDWYQYGGSC,1.204754985,1
LTWRYQMYAMAITRRKHGSC,2.561908691,1
MNFKRHLKRPVNPEHPWGSC,1.744940867,1
YLQTWRKTKKDTRSNGSGSC,1.163270284,1
RAFHMRQLHIKMFALSSGSC,2.651851145,1
RYDTEWDMLWTTMARWKGSC,1.255085706,1
HWFTMLKKDYRRKWIMEGSC,2.898475651,1
RTGYDYLKWWMIFPTLKGSC,2.642126754,1
QFHMVGKRLHKYDHHNAGSC,6.988387087,1
RLTKRYALWRAMPYMFQGSC,1.223571701,1
QRVYHDISPSVLRVSWNGSC,1.549862665,1
DPWNWRKAWRQHTYQHLGSC,3.624384556,1
KYGSYYGFMQWGTSKLQGSC,1.13121114,1
HYPEPKGIPYRTMWNLIGSC,1.183499929,1
KIEVTKWAQKQRDPTRHGSC,2.359559014,1
QNHWVHSRIFTVLYGIKGSC,2.854115201,1
NLQPFIFLINLLRMQFIGSC,1.197379891,1
RNPQNVQIKVQQPLLGDGSC,2.369462022,1
MLWWQYNTADWAKINFRGSC,2.413004616,1
KHPFWHPHRRHKKKRWFGSC,1.125514115,1
NMMIEYNYFIQKGIRVPGSC,1.506009782,1
HHPRHWWWKRWHPFRFFGSC,2.966991621,1
EPILQQYGYHERARIHTGSC,1.091085049,1
YDPQRTAYVIKSRKDTGGSC,1.204319878,1
PARYANANGRDLITLGIGSC,2.585280168,1
VFRPLRMHAHERYHHMMGSC,4.464894791,1
KYGWMPYMRRVYEQMSPGSC,1.261558578,1
VRTQHFAYLNKSEYRMMGSC,3.22496871,1
KTLTPGGMHRYNKVIPGGSC,1.370735633,1
NPSNNILWAGGIAPYKRGSC,3.905238044,1
DAQYYYTRHFDGLPIRFGSC,1.703514423,1
VPFTVRMFFATRTRAQQGSC,1.630167095,1
TWTQQMHHFRFSHKLERGSC,1.213706738,1
FLKNEYRRNMTNLVNPQGSC,1.082406753,1
GYYRADQHNQTARTWWQGSC,4.925637715,1
YRSHRLTKESKIWPWSKGSC,1.567951924,1
WPSGWRIDAGSSRQSNGGSC,1.427335203,1
AIAEFVKFRKYLQNNVYGSC,1.439212182,1
NNLHYLNNHPFWKSRLAGSC,1.335464995,1
YNRYKLKPSKLNRLEAWGSC,1.265291454,1
WFKKSQHDAVWTALRGKGSC,1.121793477,1
NTTSVKFGYPSVMPTWHGSC,1.906214244,1
LKGLHTSTFWTKTRFQHGSC,3.987047683,1
TPQFDGIGIMIQQIELHGSC,1.477579224,1
QKTKRPDTHNILVFLDVGSC,1.466110521,1
EAAWSRPVSWAPSFHAQGSC,1.1260852,1
QFIMNSDSPTNTTAVQLGSC,1.201478794,1
RRRRSHHEHTQDRYRHHGSC,2.218106641,1
KFWKFWHKHRHRHRWHRGSC,1.181757768,1
GSTDGHRLVKGMHLISKGSC,1.250841284,1
RRLSPKHNDFAPTMKKTGSC,1.272858763,1
VEEWGPKAMTLRLKKRPGSC,1.173626204,1
TEQESKKSSHTQNSDESGSC,1.461066815,1
RVIFISLHGKKVFPENVGSC,1.610650757,1
KVDRLQWPLHDPINSKHGSC,5.375149849,1
KVPNSDWDWYLNHKVPRGSC,1.243997753,1
PLAVMPVFILVGFMPGPGSC,1.542770986,1
SETDSSDSYDTSNESTDGSC,1.390394733,1
PIYHMPPFLGNQGHDWKGSC,1.642456311,1
GTKVVDVTADAGRGTTTGSC,1.789337804,1
LRGDDQRTRPKAELQWQGSC,3.479047117,1
YSTKRRLILHFVSAMLSGSC,3.814061676,1
VNASFLRRRKPVIIADDGSC,1.314374605,1
MTINTMMKGPQIKSRNKGSC,2.193776242,1
RLEATWPKPTMASFQRSGSC,2.126860547,1
NIRMLLRFTVFPAQKLIGSC,1.806691574,1
KFDSQWYHREPMFTIKAGSC,1.840240823,1
GSVPGFNRFKWSGPELHGSC,1.580164345,1
YSLYFEIQQYHTLQRRIGSC,2.167442714,1
HVYRAARWKDEHMKVWTGSC,6.058916642,1
HLSVRGYRTNRPSPGRYGSC,2.602567419,1
FLSHFHRAMLVMWFVINGSC,1.783747902,1
VLQGQMREKIMLWPFHRGSC,1.146678279,1
VRHNERGAWYWVVNKLKGSC,1.338237932,1
KNTVNSHVRRKVSWYMQGSC,2.409314065,1
KKRKKWKKHFRKHKRWRGSC,1.385201565,1
ATVRYSHHVWHNGHSNWGSC,1.098440149,1
NHQNENTESNNDDHRQNGSC,1.299461194,1
TDESEWSNEVMAAFMTQGSC,1.418733956,1
EPWRNGDAMSMRVGKAWGSC,1.376036229,1
GQYMIREQKAKVLWVSTGSC,1.317137837,1
YRQMEQTRYNSIYQGTRGSC,2.634437098,1
WKMNWVETMVHKKNRDVGSC,1.289843022,1
GRNMWAWFMKISLSNMGGSC,1.28330898,1
FYNMRRGSWVVASPVTVGSC,1.374087316,1
STMTHWRMLQVWWGPMKGSC,1.148495813,1
MFHLMDETTEQKETKLYGSC,1.736615357,1
PVVAMPVFQHSSTDIRRGSC,2.687468609,1
VEMVWQAFDWTKRSEMRGSC,2.31149919,1
DPHIPIIKPTSMRGKTSGSC,1.316855982,1
GWFSNLSTFIHLHYHELGSC,1.143644366,1
TEYDQDEQSNEEENTTDGSC,1.287300257,1
NQRNRMFDRESWRQTTMGSC,1.771085693,1
KSWWPRHQPDISPHGPAGSC,1.686644363,1
AVHWVFPDHKFKKTHPNGSC,3.610998338,1
WKKLYDKFQQRLTHMADGSC,3.172013599,1
VAFGVKPFNMNMGPKKHGSC,1.356943901,1
WRTKAAMKWQKYQREHRGSC,1.103936249,1
MIFDPQKYVPIRPNLQQGSC,1.742035256,1
MLSLFKNTMESSDDKKVGSC,3.248072651,1
YLQSSWVGPFPKFQKPRGSC,3.150317041,1
KRMFWKYPEDTQLPKRYGSC,1.677531271,1
RLTPYISHLMQGMVQYRGSC,1.447346139,1
MPHKWSDFPILVKVVMRGSC,1.578796172,1
KADFYNNPARFYSPGTPGSC,1.693774472,1
EFSHQRITFNGKIIPHGGSC,3.353922853,1
TNGKGHNPHAIDVLSKIGSC,1.118569849,1
QHREPQYHNVLPRQVPQGSC,3.401353981,1
ASLEGVRWMRTSDFMKNGSC,1.918630124,1
GNWEQPFAYMFQKKFLFGSC,1.091642031,1
AMDNWDVWNMAFSRERVGSC,1.125881543,1
MTVIMSHNSALAHLKRFGSC,1.117616707,1
PVENKGRTSTHGFILWHGSC,1.347395506,1
PKRKRRPRRKRWRHPKRGSC,1.360848976,1
RRRASQLKFRQNIYAQLGSC,1.342707214,1
VMLYNWHIMQHRNNKPVGSC,3.314594816,1
WREAKYSSMPERIHYLGGSC,6.191593574,1
PEDMNKYGGPFGAKIMFGSC,1.722950417,1
WQKKGRAHYIGEGLRMQGSC,1.435367604,1
QIAIYAFGDQKNRQQYVGSC,4.402232846,1
IASKDFKGKKWRPENRFGSC,4.420670733,1
VQERMHNRTWKRFGGSMGSC,1.953293252,1
NYASILHQSKQSKNDVRGSC,2.660288099,1
TYFTDETRRYRKNTRAYGSC,1.515228772,1
LYRPRFYLQQRIMQPWSGSC,1.147881693,1
FFMSGVNHTFEQMGPVQGSC,1.358529167,1
FPLKGTQWVYDGSLPRKGSC,1.216313761,1
TIPVFYSYKKFNGADNAGSC,3.28533689,1
AFARSLNYIAPVFRYKVGSC,1.657068369,1
LNTMFHIGKKIYPGLILGSC,2.620150575,1
MVNGLAMRMHNKVMPNIGSC,1.626328752,1
PLVHPWYPTYIPGRHNMGSC,1.67887359,1
VANRVQLYQVHWVVPVRGSC,1.149750866,1
MRHLAVKGGWYMWESRWGSC,1.145760213,1
YYAPHVTPWVNNKRWYSGSC,1.27409328,1
RFMLDYPLDMVIRQTFKGSC,2.626143555,1
PGKDRADWKHYGNYYPTGSC,1.729744127,1
PHSWNKTNDGIQGIFVNGSC,1.130126291,1
DKNYEYNGAYKQSIRGGGSC,1.195229823,1
KSPGYVSFIHIVGRQIHGSC,1.104553859,1
HDAKIWWVDGIIMVYIEGSC,1.272307285,1
NKTFHRNIYTGDNFAAQGSC,1.75065304,1
QNNTFYKTWHRFLPGMMGSC,1.107298165,1
NKDTRRHNNSQRENKHDGSC,1.218189427,1
KKTPRASSWSRMWTHGHGSC,2.247513965,1
SHLDRTQRSHFNKYYGGGSC,1.428138293,1
DQWQHWYRRAKRQQWEKGSC,1.925946584,1
FLKWWGHIRAPTDHSRWGSC,5.890883273,1
MQPLDHRVGWRVVSRLQGSC,1.961035367,1
IVNFTIQWRANRMFYERGSC,1.212888285,1
RFYFFRAGHSVMLHFSQGSC,2.410921557,1
KSITDRGQKTWWEWRRNGSC,2.618512176,1
IFAVGMNGFFYQLADKDGSC,1.093292572,1
PLAEWYGKKRIHGYSDRGSC,5.048894378,1
HYNWTITAFMKKKIELHGSC,1.83752384,1
NPPSANWPMLRGDYYHYGSC,1.289402467,1
KFYDNHKRTWVPSYIRSGSC,1.155466382,1
FAGHVMVNTQVKHVMKAGSC,1.891963355,1
AHWVPWQYNKRHKTTVFGSC,1.643506473,1
WRMVIEGMVHVIVLAYRGSC,1.413731953,1
RGTILKRAMSYFMLVYFGSC,1.173461083,1
YPYPKTSPSKVSLFAKLGSC,2.496122607,1
GGLQVSRTYGPQDWNQDGSC,1.319988969,1
SQMWKWIYTKLPNFSHAGSC,3.338437193,1
KDRFLQKGKQMFVPPWKGSC,1.400967183,1
WNRRMLMTRMESTNDHGGSC,3.697952787,1
GDYLKNYFHVRKWWVWRGSC,1.329803206,1
DRKFLHDWHISYGGSKKGSC,2.128993778,1
NKMPKLAPVILHSLQFEGSC,1.168509543,1
WRFKMKFDGMINNYYDAGSC,1.636909843,1
GTSKPPGWSYDHPRPYRGSC,2.790770791,1
GNLVNFRSHPMLEKRSSGSC,3.607390584,1
VGRIDRILAYRWKIKAMGSC,1.236050683,1
MLDSGHVKSRDAIGHNKGSC,1.611381963,1
GSAKMRFAGWFIHDLHMGSC,2.577233849,1
AHQIVLYLGMRWYDRAPGSC,2.200764186,1
LGLRGFQMQHVIKENKPGSC,2.363812532,1
FKNDLKIYPHGHNSFKSGSC,1.535602527,1
LGPSERKLGDHFAWKWVGSC,3.140110728,1
SRAPVNAKIAKSAIMAIGSC,1.114441529,1
WRRSQWKVWDRNAFHEKGSC,1.469809978,1
EWANKKNIWNGWLRTTPGSC,1.178232494,1
WFRMQNRWQDLMQTPYMGSC,1.365224093,1
QGQDHYHGRKTVMSRYVGSC,3.053094501,1
RNWTDVYEKFKNARQYQGSC,3.1439556,1
IDVVPSKVRNNGSNSMFGSC,1.557173104,1
DRFKTFKWAFYMHSFFRGSC,1.265567345,1
MSAEQNGLILRHDFAWLGSC,3.874295971,1
RNTYINPGGPQRALSIVGSC,1.154855763,1
HMRAMNPFKPHTNIGRWGSC,1.130118179,1
GSFKLKDGHEGTRMDFMGSC,1.779016164,1
FRGWAHIFFGPHVIYRGGSC,2.208959507,1
QGNMNLWKYKKMADMGRGSC,4.328504263,1
RWMMRTVFGAPEEYNFRGSC,1.861338734,1
EVNRGNFHRNYPYAVLKGSC,2.533221353,1
PMPQPDQATKDKHHWRTGSC,1.081769068,1
PAGQMVNLANYYDGVKRGSC,1.173287267,1
RKFKKRRHWHFPKFPKWGSC,1.232215765,1
WFGAEKNIPHFKVSYDRGSC,2.222418089,1
GRLVTHHIKMARWTWEPGSC,1.628050543,1
YSKSKVLMAMSDWWHNAGSC,1.278139395,1
LRNGTWTIHSSPFSKSFGSC,2.040399098,1
KISHLIASTYNWMHKLRGSC,1.891480179,1
NDTPESEEQDMPENQFVGSC,1.101607662,1
VPAGIKRPSAASNNAILGSC,2.80574313,1
MVRSPKKEHRRVFEQRTGSC,3.05525004,1
INRHGDWNQHFQIPKHPGSC,1.199426156,1
VMSNDILLTRDRGNSRAGSC,4.066566991,1
AKTIEPHLPGQHKNRWPGSC,1.842382393,1
AINYSPQQTMIFKFVHPGSC,1.120342153,1
DFLWSKSGILSHASWNHGSC,2.892573361,1
HRWKFPWKWWFRRWWRKGSC,1.561936142,1
NYTMQDWKKKIVDWFRRGSC,1.71265461,1
KMRERAPRFPHHPDALHGSC,1.328609326,1
ILNALYQHTQGRYRDNFGSC,1.970294058,1
NSYMPESYWINALKKHIGSC,5.349786677,1
YYAEILAAFKLFIGNWGGSC,1.184747863,1
SRSSVAPESPKFRDRLLGSC,1.19782577,1
YKRRQDSAETPPMVQFEGSC,1.184800023,1
FPEILSTTIDRVVVNRGGSC,1.701074978,1
QSHMTLAPGIFNRRYKKGSC,1.430768511,1
VFAQNMAGRWNFNRWASGSC,1.332976592,1
RPKMEQAANGELWTMLRGSC,4.551816616,1
FGKGWTFRMQPMWFVHPGSC,2.637193164,1
MDIWRLRKEVGATRFFNGSC,2.330978513,1
RARMHPTSEAMMWYPNVGSC,1.176416622,1
AQHRSGPTSWWPGIGHFGSC,1.288840629,1
NSNTIMAYHQMQGGGKPGSC,1.217287919,1
AAVPKYINAMWKGYAPDGSC,1.156751774,1
IEYMFEMEFERVHQRSSGSC,2.789196062,1
MKNKYLRQRISNVDSHMGSC,2.112283108,1
RDMPGRLFGPILDPIRVGSC,1.351083155,1
REQYHPGVPKVRQMKTGGSC,1.390170509,1
VYIKTINYSGKAKVDDAGSC,1.224475869,1
LWKTFQNRNGSMSLIWHGSC,5.733440844,1
KIWAMRKPRYQYWNQPAGSC,3.047833104,1
QSHMRRYKKTLAPGIFNGSC,1.964601599,1
YLSTSMEQEQEQVHGNWGSC,2.260387609,1
VKIHMLGWWNFPTSHTSGSC,1.29778856,1
AMYKYHRPIATRMLPLFGSC,1.102209708,1
TPNNMNGSARLWSTQHIGSC,2.56723374,1
FMAGWFDQGAWPRMSSRGSC,3.14473763,1
HISSKTYTSTPPIRHDQGSC,1.336797255,1
TDLFAYMGLRLMMARMWGSC,1.34722846,1
RTYWNYGIMRHNKTRKGGSC,2.613785704,1
GAALKGAYHHHGNMVAPGSC,2.052779958,1
PDHQLTMQTWNYKLRSIGSC,1.212593371,1
YMVDVEFQVYGALLTANGSC,1.248878773,1
WPAEKGQNQINRKTSYTGSC,1.239017991,1
QAERTRFYNTHRGRENIGSC,1.272268863,1
MVHRHPHFMQKHDRLSEGSC,1.094983125,1
MQWSMKWPLFHLYKYMHGSC,1.464989128,1
YSRHAKNKIPPPSYIETGSC,1.093179439,1
IRDFKFTNTQVMARLPAGSC,4.345341717,1
KDTVMWMAGFLRMRFMHGSC,1.132186705,1
KLRGMGLLSHNLDKRKGGSC,2.764964425,1
ENILPTGRDRVAGWYRYGSC,1.163284038,1
YWSTYNRNELYRKIMNKGSC,2.648845534,1
YRHRYNPSTKFQDMHLAGSC,5.767696162,1
MVRAPVVLAMPQWMMTNGSC,1.470934685,1
NNASNHGNERKVSVEHQGSC,4.229629393,1
IRIQEYRPQWHAENKPKGSC,1.097142626,1
GMMEWTSVKSNHFIPLGGSC,1.114765396,1
IYTLHKQSTRHLRFHPYGSC,1.467441385,1
PFIPRSHTSTKAKGHYNGSC,1.111264767,1
SWIHGWLTITIYGFKERGSC,1.546314315,1
RNYKHIMPAQWIWVMALGSC,2.148874494,1
SVKPWRPLITGNRWLNSGSC,1.240195769,1
GVGWFTRTAVWWWKLLKGSC,1.147835096,1
RFAKSPIGMKPQQSHEMGSC,2.398976885,1
FTKEMLRAKRVKSYNGSGSC,4.897502822,1
VMHPLKRRFKNRSKEGIGSC,1.108826715,1
YMKVFSTGARSALNKHPGSC,1.634187547,1
NHREWMAARWNAYFQRAGSC,1.112160008,1
DKMKAWYIQNKVSFMKMGSC,1.798519409,1
MFARAHNFDWVKWPLNRGSC,2.386234237,1
WFHLKRPGAFGIAANIHGSC,4.619200281,1
RVSVEKSHHDKRLPGTPGSC,1.101891775,1
ELPHRSSRWSQSWHWHWGSC,1.771260709,1
GQITPSFPAFIVSKKYLGSC,1.562537361,1
VLTQKNVIGKRQKDIYLGSC,1.100726115,1
GGVSGSRKYYEMHFPNWGSC,1.166296421,1
HGQFISRYNEESRWVIWGSC,1.255184716,1
PKNQEHKGIVVQRAFHDGSC,1.169379243,1
TRLKSIFIGYNTKANQSGSC,2.542482582,1
IMFNAVQRKWWRSKHVKGSC,1.15956738,1
KVLKYIRVHRQAEQGIIGSC,1.152061209,1
PAGDGRRTWMGMDWYRHGSC,1.486808608,1
PSYDAYYSNRIEKNKQAGSC,1.09864262,1
YQDKMWMPQSAVWYHRHGSC,1.17462019,1
SFKKLPMHMGSTEKLIGGSC,1.382758797,1
FFKPLNDLDAHERHSYRGSC,1.099560257,1
QGKYRGKAPYSMEFQSQGSC,2.712881147,1
DVFGTILHTDHNKRLWPGSC,1.132738498,1
KFRRHHHRHKHKFPKHHGSC,2.792120121,1
YRGEYGRIRAMWGFGMTGSC,1.18804607,1
ELMKGPWFPPKKHANAMGSC,1.086018875,1
VKDFHARMVRHLPVRGEGSC,1.216564363,1
FMLRMSFIWHHKKLWDYGSC,3.188846606,1
QSHMTLARRYKKPGIFNGSC,2.396707362,1
VDWQDKDMKVQRTSRPGGSC,1.270049408,1
NYEAGRHPWSGNNKHPYGSC,3.258505949,1
FMVVNLKMTFRTTHGKSGSC,1.665723148,1
GMVKDTGRTMALNHMVYGSC,1.67011679,1
GKTSTKHYPPIYPYNIAGSC,1.219184467,1
VMKPKRSIGRYSTLIADGSC,1.372607189,1
MEEKVTRRLGPHTQWGGGSC,1.201786333,1
KKDQTVHHLTRGKFHSHGSC,1.284800255,1
FSLVSPAQWMSSIVNTEGSC,3.090576979,1
RNTLLPNSGSFDSRVLNGSC,3.964477751,1
FNIGVAHRGFKGFYRIQGSC,2.793783555,1
YLVSAYRQRNLSNSHPIGSC,1.705856152,1
AFRRATQIHHRNTTPAQGSC,1.113502738,1
THRAFGSRQYNDNNVTAGSC,2.476452131,1
PMEHTDVTSKPMNFDVMGSC,1.297093371,1
VRAWRGTNKHMLNNTYDGSC,1.16861519,1
IWSEMKITQVMVIMPGIGSC,1.210900174,1
AIQSKYYNQHKQHGINNGSC,6.457061585,1
WMSSQTLNRRWNHTDFSGSC,1.185788808,1
RFQLTQHYAQFWGHYTWGSC,4.650578492,1
DGHHTTASRLAKMFHRVGSC,1.584588445,1
WERSDGPMEDGTPAAQIGSC,1.300250648,1
DYLKEGVRKAPPLNHVKGSC,2.260950734,1
RPFVDGQTRFARQSQSPGSC,2.046374871,1
IIRVRVTYKSESDSHHMGSC,1.223465857,1
GDQHQLEPPYKKNQYMIGSC,1.387699892,1
AMPYRYKKTLTMWMIAGGSC,1.329024219,1
KSHATMNHREQAEAPNEGSC,1.23516605,1
GWNWQTFHMTRFRVVVNGSC,1.142259625,1
SKFRDVLTFNEPSRFVSGSC,2.222523706,1
GGNHLAIAFNARYKYRIGSC,1.343138747,1
WPKWFYKMHNKVDVRPPGSC,2.067079904,1
AGTSVRMTMERKALLHPGSC,1.681106798,1
FQLFNYQRTWQYARHHNGSC,2.79958689,1
SYSWTAWIGIWYSRKYNGSC,1.198827349,1
WPWKHPKWRKWHFFKRFGSC,1.310735448,1
RQDRKLADSWMVYFKSQGSC,1.142691442,1
MKPLYDSPKPAGNIFNMGSC,1.414319279,1
NLILRDLTKGHKNTAKWGSC,1.143405383,1
WKTNTQQPRQFIFSFDRGSC,1.534898323,1
PSAWEWIPRNQHLNKFRGSC,2.831897319,1
FQMKRHTRRYRENIIGFGSC,2.838173483,1
KVRAFYLHDDRGHILIHGSC,1.239781379,1
FVQPGQGGQGMGRISYRGSC,1.118036725,1
KELAKFWIYSTVSQKTQGSC,1.231071915,1
PRWMWTVAHLRAPVELGGSC,1.296242566,1
KRTIMVTERKWSQKEHSGSC,1.861535416,1
DWQRPTKQKVIGVTQTTGSC,1.575178623,1
KIIRHTHMREKSFAHIGGSC,1.957418292,1
VYFLLNEPARNHKTSPRGSC,2.584989679,1
SMKMVQPGHLLISYGHQGSC,3.063553481,1
EPKLWFKPRRGGYRHRHGSC,1.161171016,1
QSDSRKSESRRHTYNTKGSC,1.344517743,1
DYNRDSRKRYKRENNHHGSC,2.881726519,1
HAAYREKYTWLWFAQMDGSC,1.105806127,1
HQTLQNRSAFWGYYAPKGSC,2.526279049,1
NFRIAIVTQAIKADGERGSC,1.344058221,1
NWNSNSDQSLSYLVASLGSC,2.163157791,1
HSHLQNHMPWTGERKRKGSC,2.078783513,1
KPWDEKALHLSWYWRFRGSC,1.71072838,1
IMFVVTWIPVVKHKVPNGSC,3.072141589,1
KEDRQMYVMVPNMFKLAGSC,2.592002334,1
YKSSGDAWIVSDVVDREGSC,2.498932135,1
RPTHDHFKIGFPTLNILGSC,1.632960389,1
LAAVRKIEPLEFQVQMRGSC,2.3173083,1
GARPVVHVPRKDTVEPSGSC,1.680784394,1
NWYVPHSHPAPMTWGMQGSC,1.117764919,1
RKGPAMYQSLPWTPIHTGSC,1.209168517,1
WLFMQYYDVDEHIKGTYGSC,1.133415311,1
ERYGKHMTTKDKQILAMGSC,1.172471177,1
NGLSSKPWVNGNMKMNKGSC,1.143341334,1
PFHADQMKRNIGRMGLAGSC,2.988992009,1
MLGRYTQSSTFYHTSLAGSC,1.314991052,1
NFGAILWYMPRHRRMTIGSC,1.707545413,1
QNQIKTWAWKYMYWIRTGSC,1.200675672,1
AGHRMGYEPRVRSKHVVGSC,1.206341585,1
DRVHGMWHYYGRTGMEVGSC,1.233956634,1
RYLVLFPFKRHIFRDVQGSC,1.129735404,1
RMSTEKNVYGMGGNWMSGSC,2.41680353,1
ETDMQNSMPPHTQEMVRGSC,1.30869369,1
VVNPSAAKERRHGIAMFGSC,1.129548714,1
MFTGTHVMRIEGARQWMGSC,1.21796363,1
EDHHWFKNPDDMQQATTGSC,1.186336408,1
WNSSLHQHMKMEVNWKNGSC,1.128553221,1
KYMGKTSWEIRKVFTFAGSC,1.328703216,1
AKGMFKAPYYKTPDRNRGSC,1.148012687,1
EGEITEGKKSKIEGEITGSC,1.211669642,1
PGQKYLMSMFHRNTHPQGSC,1.746747486,1
HVNFMHPKRRRYHDFNLGSC,1.097032533,1
FFNMLKRLGTAIRHPDVGSC,1.474129627,1
GGNHLRYKYRAIAFNAIGSC,2.214053336,1
WWGREGWEREKRTTWLKGSC,1.180452461,1
IADQMDIDHEENGVFNIGSC,1.630321069,1
QFSKGQTIIFVPQKFKEGSC,1.515724871,1
WRIMYNHAQLPSHGMYNGSC,3.180382511,1
ERAHKLAKDIGSKFITRGSC,1.267389167,1
VGFWRWQMQPTPPSLSFGSC,2.38019653,1
WDLGYVVRTYWTKQQSPGSC,1.14982874,1
HFSLIPMYWYRNEIYMSGSC,1.346915479,1
RHDVDQGSNKQILLDRAGSC,1.285968821,1
KASKGVHMAAWNVTINMGSC,1.771886675,1
LKPRQNMTRHMQNVEQDGSC,1.09412424,1
IPPYRFQIEKTTYIVGKGSC,1.169245402,1
VPFGLLAAIVFAAAPMPGSC,2.375063126,1
VMHHNIRWMWPFMAPIYGSC,1.200014413,1
VSANFWRKKYAGFLSSYGSC,1.276929561,1
INKVFWKKEHRFDRTNFGSC,1.981121969,1
YKLGTKHYHAEWLRQVGGSC,1.30322265,1
HLNLALMAVEDLKKSMRGSC,1.69169285,1
IAEKYGEVKPDLNRNIMGSC,1.136686854,1
FHGRSDPMMNYKQYMIAGSC,1.25133073,1
NTWGRIPQKLTIRWMNGGSC,1.81226572,1
AGYPFRNIRNHNMSGFIGSC,2.246229138,1
HNGSRIMAMVSVFTNKTGSC,1.224366398,1
RKHKRHRHKRKHRHRHRGSC,1.322883702,1
YQNQTQEENETDDYDQEGSC,1.31893902,1
DVPDRHRRMVIRQVISRGSC,2.152922341,1
TSYNYYLHSLVHQKATKGSC,1.770036958,1
RATGRPPMTTITSGYHMGSC,1.750153714,1
QFEMIMWQAWMFQIWKVGSC,2.405101422,1
YPTWMPRLAWPVGMRHVGSC,1.110467004,1
WHRGGFVAVHNTKMHHLGSC,1.182979788,1
VNWIFGIKFIHRKYRKHGSC,1.56045379,1
HPIWVAPGQQKQRDRKEGSC,1.862958113,1
DRIFHKMQHKPYKIKKRGSC,1.481539438,1
NPSAQHYAYGYPKRSMNGSC,1.31298892,1
YVAHADPNFFVQRNAGYGSC,1.091965649,1
APVLPGVILLMGPMFFGGSC,1.11861933,1
RRLYMNISSWSTKYIVHGSC,1.133977234,1
ADQHQKGYVHRLPMFGQGSC,1.33494212,1
IIQHFGEDGKPENALKAGSC,1.159063291,1
NAGWPSREARRPEYIKSGSC,1.187849694,1
ELANVYLRYQHTKDAHMGSC,1.306313839,1
WRKYHVQPIWVEAGKQRGSC,1.166714916,1
SRLLSYFAQDLDPAVAYGSC,0.0,0
QFYHENFDHNHESELKHGSC,0.0,0
YEEGAKTRSELEFTDPWGSC,0.0,0
KQEHVPWWNFMGPQKEGGSC,0.0,0
VWGEMENPAGGMQDFKMGSC,0.0,0
LPMSWSYMIDGSEALMHGSC,0.0,0
WFIWQQAQDNQINFGAWGSC,0.0,0
IKDYIDMKNQFSLSVVTGSC,0.0,0
AQYSFVVGVKGFIHAQYGSC,0.0,0
FGVIDQDAARQGNFLMAGSC,0.0,0
EQNWVSAMVLDWTQLLAGSC,0.0,0
QLELLLPHRQVVPEQWWGSC,0.0,0
GVHALGWFHIATMGGDGGSC,0.0,0
GYLQERMVHDTNPGMMVGSC,0.0,0
YETELDNRETTVEVWDMGSC,0.0,0
HEHNDGYGMYWFHFLDKGSC,0.0,0
VRDDHGWYEVSTHGSPEGSC,0.0,0
VTRLATTSMGEFLVINSGSC,0.0,0
QSQYPNNIYADPWWAILGSC,0.0,0
TEIGAIAQKFMVEPSFWGSC,0.0,0
FNPFGTSDNSFSMTYTPGSC,0.0,0
YRKSGGSPIGLGSFYDLGSC,0.0,0
WVRVVFTKWDMANLELGGSC,0.0,0
YYNPFAQELDRTGPSNDGSC,0.0,0
ANMYGGSLFLATWLVSMGSC,0.0,0
LNMEFHDLNPNHMHADNGSC,0.0,0
VVANADVWSEDWGAGSNGSC,0.0,0
WIGYAHLHIWWDYDTPAGSC,0.0,0
IEPARQNHTIWQHVNAQGSC,0.0,0
SIPHPQKDKAEMATDYAGSC,0.0,0
GNDYDNWLMGNLQLPVHGSC,0.0,0
DSEMWKIAIQVVIPATRGSC,0.0,0
YFSWVDEVYQRWDVRTTGSC,0.0,0
GKVASNADEGKVGAWTSGSC,0.0,0
KLINTLKGDYDSGVIFEGSC,0.0,0
EWSHSWKFQMTMLITHTGSC,0.0,0
ERFIEMGANADPTSAGVGSC,0.0,0
IDRWIVMIWLTEHMHWKGSC,0.0,0
VVGMIFVQIDSGWHAIQGSC,0.0,0
LISETFNWYHGQDFPHSGSC,0.0,0
SVDLTWPGDGFALHMLGGSC,0.0,0
MVMYVWWWVASLGQGDTGSC,0.0,0
EKLIEKVTQTGVAQAYGGSC,0.0,0
GFFIRQALMNQLTADQAGSC,0.0,0
DDTLSFHDNWIELQYGHGSC,0.0,0
QDEIHTSWSQHITLIIEGSC,0.0,0
IKGTNHNFDATEKEFMNGSC,0.0,0
DMVPADFFMEQGVHKPLGSC,0.0,0
SYNWYPPEEDEHTGNTVGSC,0.0,0
EHDASGQVDAAPFRPMIGSC,0.0,0
EEKAREPDYDEHMSIEYGSC,0.0,0
TIDWFSAAGNSGDKGAEGSC,0.0,0
PEFGWIVYLGMMAFTMQGSC,0.0,0
WGERTTEAPESRFFFHYGSC,0.0,0
FNPHHGMMERYEGWTGAGSC,0.0,0
SWWMMYSTLGPGSTQELGSC,0.0,0
MSYTELGRITDEVDNAAGSC,0.0,0
VHAASEFFFQSIHPVHFGSC,0.0,0
IWKPSPNQNSIEIEHWMGSC,0.0,0
EFRPTVSLYHHYTDTTYGSC,0.0,0
QDAFETYHDQFWGEQMGGSC,0.0,0
TLPNGTVFEGPSQHIEWGSC,0.0,0
FGPYHNQNVIYFDTDLPGSC,0.0,0
YEWAHAWKIIMIAWDIYGSC,0.0,0
TWIFNNLQWWATVPLPSGSC,0.0,0
NHGAGPSGFANGWKFYEGSC,0.0,0
YSDPGQPWMPVEFIEDIGSC,0.0,0
KHTNGSHLPVIELQGNMGSC,0.0,0
SWINHVYENQEWRIPVNGSC,0.0,0
DMGMQWDTDLRYIETWQGSC,0.0,0
RNLSHEMNDDFEHSFSSGSC,0.0,0
WNGFDRSEYPATGLVVAGSC,0.0,0
TMADKHWAQDHYELYNPGSC,0.0,0
IHRPNADNHFGAEEYYSGSC,0.0,0
EEEGHVIFIGNRMPFEEGSC,0.0,0
ANDTWWAFYDEPSATEEGSC,0.0,0
LAMNWYKMPMFEEIEVSGSC,0.0,0
QAHWKAELLEKFPWIEDGSC,0.0,0
QGQWMGWLARELGFMMGGSC,0.0,0
WPAMAQPDGTWGVNWMDGSC,0.0,0
DGSNDKELDTSWNTYEDGSC,0.0,0
DFWHIHGNVLVFMAKYYGSC,0.0,0
MSLHSLYPWGHEGASSPGSC,0.0,0
IEPLWGFDQHPMTYHISGSC,0.0,0
WKEWEDYKYATGTFPAQGSC,0.0,0
MYFWDVPALPWESIFNDGSC,0.0,0
HLTNYHMWHEIWDPLIFGSC,0.0,0
HLYRHWWDVNLEVLAPTGSC,0.0,0
EFMKSSRPEEYEWVTQKGSC,0.0,0
HTADNLTRSQFDSYVWFGSC,0.0,0
YGARSAFLAQFAIYEAYGSC,0.0,0
EIHSRQWDGTTLLLDTGGSC,0.0,0
PIYWEPQNIPDKGRDEKGSC,0.0,0
HEYSEHGWFQAYAVPMFGSC,0.0,0
QGFTTEGDEKEWFPRGAGSC,0.0,0
TQVYEFFDGMVNVRGENGSC,0.0,0
DHERDPSEAMIWWYNHAGSC,0.0,0
FFHITYWIEDYTMPEYIGSC,0.0,0
DVDHFFKDQGHGNNHYVGSC,0.0,0
FEYHFTGQAFITIETSWGSC,0.0,0
WADIHELWYNPAYRPDHGSC,0.0,0
NFMHKFEDSFFSSQPTAGSC,0.0,0
YTDDGQWDWADRYEKFHGSC,0.0,0
STPHAHPYWPSSDTSLNGSC,0.0,0
QKYGDNDASIQQKVSDSGSC,0.0,0
TKIASFQEFAGDDWTVSGSC,0.0,0
RGMVDSITMVHTNDTQVGSC,0.0,0
LGKDLLTDADMHPLWEGGSC,0.0,0
PTAADLRSVFSVEDTYHGSC,0.0,0
VMMQSYQNMPHTDAYTAGSC,0.0,0
IHKTEHWISTNADDWRAGSC,0.0,0
WMTLPVSTQNHLWRDDQGSC,0.0,0
PHSSGLTEKVQDTPITMGSC,0.0,0
IHIGHSEFLNWRWIEAWGSC,0.0,0
WFLTHDFEVWWRLIEMSGSC,0.0,0
AALLATEAGSLAVDLAVGSC,0.0,0
WIEQKPMTHWTSGMNVHGSC,0.0,0
HWWHTPRNQEHILYESSGSC,0.0,0
HAPARNAWDIGYVQNETGSC,0.0,0
YDNMASQNMIFIVPGRSGSC,0.0,0
MVELDTIVLYLQLNPWQGSC,0.0,0
PISMTEDPLWFVQEQKHGSC,0.0,0
DVFPFQLNWAKDVMGEPGSC,0.0,0
DYNPFDGVAYFDYQVSIGSC,0.0,0
LNHRDLSFQEMILEYPMGSC,0.0,0
EVYNFYYIKVNEPDHWFGSC,0.0,0
QMIWEPIEMRFDEGMMAGSC,0.0,0
EQRAVIMSPHMTHTWSEGSC,0.0,0
LDFEEKHTGLWGYDENVGSC,0.0,0
PYFHWPIYKEDYAIVPAGSC,0.0,0
ITRGIMNDPWDDDLHFNGSC,0.0,0
KNWEYVGSSGYELQRPWGSC,0.0,0
GPWPDQNFWHNIAQFNYGSC,0.0,0
PLRNWDPSIDGLQYMITGSC,0.0,0
ITTIGHPMDGINDGWHYGSC,0.0,0
WKDIEIWLAGIVMARKEGSC,0.0,0
NVTAMSSFQRAFDEATWGSC,0.0,0
KEDLFWPTYYSYPKWNHGSC,0.0,0
LDYSYGQNWTYTYWWNGGSC,0.0,0
VPDYERRRIWAFFDWYDGSC,0.0,0
SSHLSRVHFENFVPEQPGSC,0.0,0
TDLEAWHSPVYIFTMMIGSC,0.0,0
ADHKNRIGWGETAWTIYGSC,0.0,0
NFAMDATSGWPQLDLRHGSC,0.0,0
YVTNEFDNLLQHGVELKGSC,0.0,0
VPQFPQPSSLFDDMIIEGSC,0.0,0
TMRGSEDVSYTVPYMYDGSC,0.0,0
PNQPITAEFFVIDKDDDGSC,0.0,0
IMKFAVWFGHIRWYAIGGSC,0.0,0
DWGWPIAWYQGAWWIDNGSC,0.0,0
VDGHIFSVMTPKETYLPGSC,0.0,0
FVWSNQHYDFYEAPTVKGSC,0.0,0
PYGTPRIQYSDPPLWYPGSC,0.0,0
DEPKQYASWYTHWTNWAGSC,0.0,0
GLQTMDYMGYTSVWQNHGSC,0.0,0
TFPFVWPQINGIFWKIDGSC,0.0,0
NAQNHPKWVVDENRINVGSC,0.0,0
MNLWDYSEYYTIWPGWPGSC,0.0,0
WHGVQIDFYSPWGHTTQGSC,0.0,0
LGTQSQQDGTEAMTVMLGSC,0.0,0
VGLMEEHAIWYFPGRQEGSC,0.0,0
TSRGFHGFEEGEGATHAGSC,0.0,0
WGYAKVEDWLKFETTRAGSC,0.0,0
MEEWQDSDDTPIPGTFSGSC,0.0,0
VPEKSQDARILKEMAGFGSC,0.0,0
VQNWWRPEEDNEHDQTFGSC,0.0,0
PDNKLINQDMATLGIELGSC,0.0,0
FWFTQEIFEPADSQKAVGSC,0.0,0
QHWAHEHWHGMWFDIEKGSC,0.0,0
PRVYEQIARWADHDDVIGSC,0.0,0
NLAMVYTELKHMAPERLGSC,0.0,0
ELWTVWWNHPVDPVMHVGSC,0.0,0
HMFIHQPFNPNQMDQNYGSC,0.0,0
KWVFKWVPYELELDPTSGSC,0.0,0
HLYTHPNGFMEAGTELPGSC,0.0,0
EYEAKGWADKAPGGNVLGSC,0.0,0
FQKLQAMNELWWQWAIFGSC,0.0,0
NQRSFSEMMMVYDTGWQGSC,0.0,0
QDHYNWFHMFMLGDQKEGSC,0.0,0
GMEWIDMYMHQFGPHGPGSC,0.0,0
QYRMEDAQPMFIILLAQGSC,0.0,0
DLVMPTNHESLSQLTGDGSC,0.0,0
MPQYPFFNGHVWDAHSGGSC,0.0,0
MFMGYQMTDWIDPYSHAGSC,0.0,0
QNHRHWHTIRLQVAISQGSC,0.0,0
LAAPEGAWSMMDRDGFKGSC,0.0,0
KDSQVVIMFGEDAMNDIGSC,0.0,0
GYSQFEQYRVSVIGYLDGSC,0.0,0
RIIGPEYNNIDWKQPWVGSC,0.0,0
VYVRAHWERYKHEILYVGSC,0.0,0
MNPYQFYTGKVLYEVSPGSC,0.0,0
APMGYTWKFEFTPHSMSGSC,0.0,0
MNGNDLMAVPGWNAHGGGSC,0.0,0
HGAIHLYDHSPMYDVWTGSC,0.0,0
QASDQYYMHDVETIFDYGSC,0.0,0
MREDQDVEYKYIWFDFPGSC,0.0,0
GYSWQQYGYNVEDMMFIGSC,0.0,0
VVQEAYVIPAGDPLLPHGSC,0.0,0
ETEEGTEELLKTNIDNIGSC,0.0,0
MTLDQTLLILYPNNPLPGSC,0.0,0
NWKWWWNSHHHGYSDDSGSC,0.0,0
PEEKAQYEDFANQPFVIGSC,0.0,0
KIMPFNSTESKMADEMDGSC,0.0,0
WGRDWHFHQDRDSHVALGSC,0.0,0
YNQFQYFEAPYDPQNWGGSC,0.0,0
GQLSAMDHAWPVNFGYDGSC,0.0,0
AGGNHLAIAFNAIFLNMGSC,0.0,0
KEVYFWVKDFKHEDNHYGSC,0.0,0
IPRTFPHMEDEYEDHIGGSC,0.0,0
AGLLWQWKGWDYIHEWNGSC,0.0,0
MDIQPGYEIYRGYSMDVGSC,0.0,0
LEAHDRFKHDIIWNPAQGSC,0.0,0
SPMFSMFQDGYGFQGQMGSC,0.0,0
KWLFIGQGQDNMQSPPFGSC,0.0,0
VSKWWYPANGQDSTDIQGSC,0.0,0
QSSQKDMGLQQTKGPITGSC,0.0,0
DNDHGYVSIIMNFSYIKGSC,0.0,0
ALEIEFWFDEPNMEPPQGSC,0.0,0
IQIQDGFPGPVYGQFDMGSC,0.0,0
EVHRTYGQSEKIVVVTEGSC,0.0,0
SNDLIMLDQMGLMKWMIGSC,0.0,0
LRPIETWPFDADMFNHLGSC,0.0,0
MSFERKAYWIINLHIMIGSC,0.0,0
GTWRQNNVYHTDPEQWFGSC,0.0,0
PWPWEARSSRYIDLETQGSC,0.0,0
VPMGQHTTFSMMGVEIKGSC,0.0,0
TLTKMQMNLETGVFFWQGSC,0.0,0
HRWDMPIHMIVWSMQELGSC,0.0,0
NIFEFFNNGMVKIDYVIGSC,0.0,0
SVKDAPYIMQGYEKLANGSC,0.0,0
VFHAKPDNNYQVEFTLRGSC,0.0,0
SRFPETEVWMEPIGDKHGSC,0.0,0
TKDAEDHWYKMDTGGFNGSC,0.0,0
MMQMNETEVQVGEAGKDGSC,0.0,0
MPYFQFVVFPHYFAQLSGSC,0.0,0
PADWIYYSTINYFGQWYGSC,0.0,0
LLDSHGKQAASLNLIQFGSC,0.0,0
GYTVEQEWPAEHQVYDMGSC,0.0,0
QFENWLQAVMGMDSVGRGSC,0.0,0
RQDMRVNYLYNEQDIGHGSC,0.0,0
VINDDKIPTPKTWTYELGSC,0.0,0
YTTHFASKMPGLENFVIGSC,0.0,0
PDHVWTDRWWDIKNWDKGSC,0.0,0
IMMPMQDKSWVMHIKESGSC,0.0,0
MFDYSPWWEMYSYGVLPGSC,0.0,0
SNLGEYPIFYDVMVQYAGSC,0.0,0
VAHYFHPAVNISSEPTNGSC,0.0,0
AGFHEQEQSLHYKEPFNGSC,0.0,0
NSWNQEYTDHVVYHGMFGSC,0.0,0
PLIWFITTFSEGDPHYQGSC,0.0,0
MWAAAQPTEHDSQGLQYGSC,0.0,0
VPTGTYNNLHFVFDWIQGSC,0.0,0
TYIFAHKFPPWEITMTSGSC,0.0,0
HWETTFYGYWLIFIGVHGSC,0.0,0
VYTMIENDGTGIDPLNVGSC,0.0,0
HWPPETHEHFNWIQSLQGSC,0.0,0
APPRLGGYFSHDHEEELGSC,0.0,0
FEIYDVYFQWLFPNKLM,0.0,0
NGYMWTFFFSDGARDLLGSC,0.0,0
GFDFMHRNVHEGIQVPAGSC,0.0,0
MPHPDKAHQPPTFYDVMGSC,0.0,0
ITHVGVEPDLMNKPWGFGSC,0.0,0
DRINVNAQSSFAPLEVQGSC,0.0,0
WALYVAVFHRDSYHPDLGSC,0.0,0
SNNDTIMWWPAIVLVHNGSC,0.0,0
PHMNDNLIPYVYGTHGDGSC,0.0,0
HRVGNTMERFELPNLTSGSC,0.0,0
QVIIKVMKYRWYGVNVMGSC,0.0,0
SERAGPMIIWYSDQMYHGSC,0.0,0
EERLVILGMLWFMIGVYGSC,0.0,0
IFYEFAEIGMGDFASSMGSC,0.0,0
NIPWWSGEDKIAFEESYGSC,0.0,0
GVFQSMYGNGNQEESVYGSC,0.0,0
DLEASDNLAYELYPNHTGSC,0.0,0
HVTIQIKEWLPIHEGLMGSC,0.0,0
WIEVEKTMDSGSGPKGHGSC,0.0,0
FQKMQINGHDWLPVMGEGSC,0.0,0
IAFQYQHELWSVYWWQEGSC,0.0,0
KLVAWGASTWVLIGIAGGSC,0.0,0
WQLSYYQTSVDWPPSYGGSC,0.0,0
EQLIESPHHWWGSEDYGGSC,0.0,0
LLYDFYSVLWLTVMNFAGSC,0.0,0
MKFHEMNPSNIVVVEQDGSC,0.0,0
RVPTSYNEVVQNYIEPVGSC,0.0,0
VIGAVVAGGAIALLFFVGSC,0.0,0
IYPFMKHTDIDQREAYNGSC,0.0,0
SPYFAEWSQSHEPPYRLGSC,0.0,0
DQTHLEFFEERTPDTGNGSC,0.0,0
YRDYAPSNVSWYPIIDEGSC,0.0,0
YHENRIKTNYDNHGLDFGSC,0.0,0
RAVFVTIKNMAHWNFYWGSC,0.0,0
IVLNTPYFAENTMVFAMGSC,0.0,0
VNSYGVALFNILSNHFTGSC,0.0,0
DRLRTEYEKPENHLHPTGSC,0.0,0
WENGVQPYGDDKQYPISGSC,0.0,0
LEAFNMDDAGDMNSKFQGSC,0.0,0
WWPYLHFIVKNLTQVQYGSC,0.0,0
TNAVYIPDIWPDFSPHFGSC,0.0,0
HWRWKGPENYNLGNLNEGSC,0.0,0
FGDEWPAFYYDAIDYMEGSC,0.0,0
PTPTFQPAEFQMEIVDEGSC,0.0,0
SWDVAKIDFGGPYEDITGSC,0.0,0
LPQHMGYWAPNAMEMGFGSC,0.0,0
PDDFEWDEHNLQRWTSPGSC,0.0,0
HQIHNFEIEDPFMALIWGSC,0.0,0
PGSPKDQKLMDYFVQFVGSC,0.0,0
HWGTLINAFQWMTVAIDGSC,0.0,0
FLTLDEDEVDWMYGMDEGSC,0.0,0
VQSQFEDIYHWDGMEIFGSC,0.0,0
GRLALQKLWIQTNDDGMGSC,0.0,0
HRTGADGNGDHEGQWGSGSC,0.0,0
MWMSWGWAMLWLNGMMQGSC,0.0,0
HHHKENVTPRELQFSVWGSC,0.0,0
HWPRDYNDVTWKKAGDGGSC,0.0,0
REKNGVYGETDGEWLVGGSC,0.0,0
TSIKEGPNRWGNYGIPEGSC,0.0,0
AINFQFEDHGAFQINDQGSC,0.0,0
RNWDMSIWGPALNWWDAGSC,0.0,0
QSEDEETEENETSYDDTGSC,0.0,0
PPHDMQWHNWTYQQSNTGSC,0.0,0
SVWVHFPLNMEHLGDWHGSC,0.0,0
MMGTHVNDNMNINIMRNGSC,0.0,0
FGSQVGNMIPQENHAILGSC,0.0,0
DPWIKDMQFIHPWVDIAGSC,0.0,0
KKQSAWGLWVAELNYMHGSC,0.0,0
KYSTMEIYGIQLNTRNNGSC,0.0,0
EQWMIFTETYITNWGHFGSC,0.0,0
VFRIYMGLIGHNSWTEHGSC,0.0,0
DNAKSFNQHMHALMYDNGSC,0.0,0
LVLHVDLTDNDWYVPYFGSC,0.0,0
ADKTGKSWMEFIQLSEGGSC,0.0,0
WTWESININTDPYEIQDGSC,0.0,0
VYTGSPGTVWMWPHWYSGSC,0.0,0
NMFVEAWQQGANYIESWGSC,0.0,0
TVQHTWGQIMFYLYEWTGSC,0.0,0
GDPFMPNWSFLLENDMWGSC,0.0,0
KEFYWMVGNYNQWEVKFGSC,0.0,0
IVPLSEVAQAAQWNEANGSC,0.0,0
WEPWHTPRFGLWRDQLDGSC,0.0,0
HHAFFNGEYMKMMSLSIGSC,0.0,0
TRGTGNQVHSEQRTTRGGSC,0.0,0
DEFILSMIYGLYQEYGYGSC,0.0,0
SQHLKDIRHGDDMGFDVGSC,0.0,0
IYQQPVDEDFQDGILWAGSC,0.0,0
DQTMYTINIVEGWEPEDGSC,0.0,0
DGQKDTGKFYYPENWYHGSC,0.0,0
SIDVGQDEAPHFYSGQMGSC,0.0,0
GALPFSMSEDSSIPLMWGSC,0.0,0
IISEAHRSPSDPDNYYEGSC,0.0,0
FQIHNRSWQQSMWFNEYGSC,0.0,0
YHLWGFKNLATVNQVLKGSC,0.0,0
QQGQNAVIVFHPNEYHLGSC,0.0,0
AVNDQVVEDTVEKLNFNGSC,0.0,0
MSAWGWRNSWKWFMVHEGSC,0.0,0
PIMQWQPNTIRQPRRVNGSC,0.0,0
IDEDEMHRGFWPTIMWDGSC,0.0,0
QLIHVSFWKFDAFYSVMGSC,0.0,0
ETGNNWVFMQLAHMPTWGSC,0.0,0
LPQKENELTPHMNNQFVGSC,0.0,0
HPFEWHIIADLKLGTEMGSC,0.0,0
LGGPDMNNMYYEIGMVHGSC,0.0,0
NVLARTIHQMGTMNDTQGSC,0.0,0
MVFGKDFNGDYWGMFISGSC,0.0,0
QHKNEHLYWIIIVMDDHGSC,0.0,0
VESSHIPNATLAWEHLIGSC,0.0,0
AWNGQTIEREHMLGWPVGSC,0.0,0
FDSIDTYLSYQQGMSLYGSC,0.0,0
DLGYIFESYQDHVIPVDGSC,0.0,0
YITEFAADLYSLRPTAHGSC,0.0,0
VSVSQGMRAFDTIQHDEGSC,0.0,0
DWMEGAEHFSGGGLEHPGSC,0.0,0
AISRGDPMIMTSEDYSQGSC,0.0,0
PWIELQKHRMLEYPMDVGSC,0.0,0
LGVRTSDFLDMANYWGDGSC,0.0,0
LAWYIRGEVWYSFVWRPGSC,0.0,0
YAQQGQPTMIETGYMSTGSC,0.0,0
TPVRDTSEPRDDTEVPFGSC,0.0,0
HGIISIASQMDNNWFLMGSC,0.0,0
PDPWAKQAIDDDSNWKQGSC,0.0,0
LNAEKNYFRFWGMHEAVGSC,0.0,0
IENWNTNKIPVMLIEPNGSC,0.0,0
WDQSAPNNMATDGGHNMGSC,0.0,0
GAVDSAHWHDPLAIFGMGSC,0.0,0
MFKMHNDYIPTQDDGFWGSC,0.0,0
YYVYLMSGEYTEGETNSGSC,0.0,0
FQIGTPGEEWIWIASYEGSC,0.0,0
HYVIFTDVGKWQHESTHGSC,0.0,0
FATASRWNSNDTHNVDWGSC,0.0,0
DEVEFTPGITWPYFDEHGSC,0.0,0
AGVIMVMLFIGPAMGMLGSC,0.0,0
HLDPDLESADWVRAQFTGSC,0.0,0
QIANQWFKSHVGADTEEGSC,0.0,0
TPYKDEESIGMQERFDIGSC,0.0,0
NHLDPDDDHPGRHWKMLGSC,0.0,0
DNPTFNSHLIESPIDAIGSC,0.0,0
NDILESHTFGLVISFLTGSC,0.0,0
QDNNSHADVVNPFMIQPGSC,0.0,0
RLYQLDIQQPMNWIDLVGSC,0.0,0
LWSQPFVDIDDYVWSRKGSC,0.0,0
LTWMERQMDTVRLLWIFGSC,0.0,0
SVSEWQDDSKDDYRFSSGSC,0.0,0
HDETTWEKKWGLNDEMVGSC,0.0,0
KHYDRWTDESSNNVIWAGSC,0.0,0
PKSHKWTWYVWLETFWNGSC,0.0,0
SHYFYQPHTPLEMLTLHGSC,0.0,0
YDIYEPFVITEEFVTEPGSC,0.0,0
NWFYHEYSWTRHFHWQFGSC,0.0,0
LNVLDDHIDGWGQLKMYGSC,0.0,0
YQDRSWWAADWAYYNLVGSC,0.0,0
SPPWAWFDEIFNDREYPGSC,0.0,0
MDPTHHWDRGMDFPVHLGSC,0.0,0
LENDLTGANEFQDKDDHGSC,0.0,0
IAHRLQDEEKLSGVGPYGSC,0.0,0
NEPMAMQDMMHRDSQRYGSC,0.0,0
HSLGYQGPENVWNGNSLGSC,0.0,0
RDGLAWEGPILPLPMLEGSC,0.0,0
NQERELVQNPAENIEKSGSC,0.0,0
EHYDPPHGHPRQASEARGSC,0.0,0
YWNLYKHDSEAFFQMFNGSC,0.0,0
PTLIDVQLLPSGVMTGAGSC,0.0,0
WQIASYGTQTFDKYHADGSC,0.0,0
THGVSFLILLSDGERFPGSC,0.0,0
WQRFWESWKSGIIWLIVGSC,0.0,0
DLEYRTTQPLWINSEAMGSC,0.0,0
ARLEIKPVDHIWVGKPNGSC,0.0,0
NPTFSQWRMEQPQPEDVGSC,0.0,0
PKNTARNVWQREQEVYMGSC,0.0,0
HKPGEGEEGYWALPWNKGSC,0.0,0
IISELTSEENQLGFPWHGSC,0.0,0
WYARHPMDVPYLHDLHGGSC,0.0,0
HMMYVEWTKIHPAVDWMGSC,0.0,0
PITDSDNYLPLAYIWAIGSC,0.0,0
PWTEQPDYDHWAWQMDYGSC,0.0,0
KGYEVSLEHWIEVSSLAGSC,0.0,0
EVWRFDDEDFSSKDYPWGSC,0.0,0
DKHHFNQLHQMVAIWQDGSC,0.0,0
QNLVWTREHIRDDSKMTGSC,0.0,0
INRPIDEIEQKLHPEAWGSC,0.0,0
IQHYAWWYRDQNNWSIDGSC,0.0,0
LMIKDNGWWATHGVMEPGSC,0.0,0
WYHNEDPEADSEHEYTSGSC,0.0,0
EHDFELWDLWKPFKQFAGSC,0.0,0
GLHAMDNEMTWGAHWQNGSC,0.0,0
KDWIMPMAMERGGHAGEGSC,0.0,0
MPYIPFHFLEWWNMSEMGSC,0.0,0
KPDFDPGSSWDPYLLQIGSC,0.0,0
TWSFQDQLHWNEIPTAHGSC,0.0,0
HPWLQGVKHEQPTAVMDGSC,0.0,0
LMTHDWVADLQLWYPWQGSC,0.0,0
TLPIDVSQMNHKPVIDHGSC,0.0,0
APYTPQFFEAQTWWINGGSC,0.0,0
TSSMGGPIWLGPITDVGGSC,0.0,0
SIYDLRVDFIANKMGFTGSC,0.0,0
TNRPSGLWGRDDVEWLQGSC,0.0,0
DDLPYWERQYVENFWQPGSC,0.0,0
NVPERLTQMQVGDQIVWGSC,0.0,0
NGFDFNWPESLYHYLTLGSC,0.0,0
ARYVAEYGPVTSHWDEYGSC,0.0,0
SSVQDEMQQDLWPYLGQGSC,0.0,0
THPFHEKSIHAANPEITGSC,0.0,0
FWITWGNYNEWNTGYQYGSC,0.0,0
PEIFWEEPESGKAVDHIGSC,0.0,0
MDQDDGEGVIGHFHPILGSC,0.0,0
WVSAANVHDLEDSRYWDGSC,0.0,0
APWLVWYLIRSGDVYLMGSC,0.0,0
MIPTQPAHEDYFMWDLVGSC,0.0,0
EPLNEAEQHQHAAPYVTGSC,0.0,0
PFDMQIQTLDVYWDFEVGSC,0.0,0
AYQQWHTFNRVFIGQQQGSC,0.0,0
YDEEVYYNDATKYAGPAGSC,0.0,0
AFEAPTRFTYIGEQPERGSC,0.0,0
ILFQAHLQWNEQNHHDFGSC,0.0,0
ADVMKNSDFWGYMENQHGSC,0.0,0
SPAAETGSSIDGFFFWVGSC,0.0,0
IDNIDLYELARGMESAVGSC,0.0,0
ENDGMDWANEYWLPWYNGSC,0.0,0
SMTTQPGHEVDSKNEMIGSC,0.0,0
DTFWQFEKYPEYNMHMDGSC,0.0,0
WQKNWQERTHLDWPEDEGSC,0.0,0
WGVHDISWFSPGATSNHGSC,0.0,0
HAPHEYYRDDMDMGVVKGSC,0.0,0
QYASSGWKYNNKGDEIMGSC,0.0,0
PVEEAAPSPIPQDIHSIGSC,0.0,0
DGAPMESNMNHWQPTLWGSC,0.0,0
DLHIPHFLNENSNYWNNGSC,0.0,0
LSQQISPMTFSWIGGWPGSC,0.0,0
KWTSWPNANEYAKEVMAGSC,0.0,0
SPSSDYEDRYFFFNGNFGSC,0.0,0
MGWWVNMNKLLETVESPGSC,0.0,0
YLFWSDHLYFAQSKYEMGSC,0.0,0
WIIALWQAATASTMWTKGSC,0.0,0
TENIGAAHWHQIFNEKAGSC,0.0,0
KYRVKYRGWWFVSIAVHGSC,0.0,0
GRWAAAVLKMLTMYAIQGSC,0.0,0
TIIVMVALDDFFWMFMNGSC,0.0,0
PVYQHIHGVDEDLFEQVGSC,0.0,0
TYWEIFDEFGRETPQDPGSC,0.0,0
DGFDSYRNLAIIDAWALGSC,0.0,0
SKIAHQTFPETEGMEDVGSC,0.0,0
LTSDSEIRTINWHAVQHGSC,0.0,0
VYANEHVWYVPFALDSQGSC,0.0,0
IMVDSHYHVNYTNNKSEGSC,0.0,0
LPSETGLSAFKNHLELLGSC,0.0,0
EKHTLTPDIYYNHALQGGSC,0.0,0
APVHNWSDYSADQDSDEGSC,0.0,0
YPHYGEEDDYTWKPDSAGSC,0.0,0
GWQENLIFPVDPQEMFFGSC,0.0,0
LPMPVPGYTGFPETMMIGSC,0.0,0
MFSPRWVRQVLNMELLMGSC,0.0,0
GLEDQNRFDWMYEFDDQGSC,0.0,0
EHGQPQPSHDWYGVFRYGSC,0.0,0
NVDLNLPKIRDDIHEASGSC,0.0,0
TFASTMASMMQVAYWFYGSC,0.0,0
QADWVIDDRIPEVIHSPGSC,0.0,0
INLTMDIDADSDQHKAAGSC,0.0,0
FNTSWLMNFNADMEAQSGSC,0.0,0
FIHDDTFSKVDSTIETMGSC,0.0,0
IYWNERMVNFTMGEQFMGSC,0.0,0
NRGDRIFEQAATEVTGNGSC,0.0,0
WGVAYKKMATSWVWMPEGSC,0.0,0
QGEPDWHHVWYWWNTSQGSC,0.0,0
WNEYQIQSYDPAMYYWIGSC,0.0,0
NLFFINIWNLDHWPWNNGSC,0.0,0
PWEQPTDGYVWGPDWPIGSC,0.0,0
PTSESVITFIVTDSFNTGSC,0.0,0
LPSMFSYDMQVAEAINDGSC,0.0,0
TYAKEEALDTGPVMGWLGSC,0.0,0
LREKLIAWGHLFGSDENGSC,0.0,0
HWTGHYWYPETSHALGYGSC,0.0,0
VPEYHHNVWEYVHVEDDGSC,0.0,0
INVNFTFHVNSEPNRHAGSC,0.0,0
KRDQLVFYNATLGVYVHGSC,0.0,0
NFLQDPMLIRKDEPTAGGSC,0.0,0
PYHKYMYGGAVWFVVNIGSC,0.0,0
HMMGWDQPPIQETRIAHGSC,0.0,0
PFTDGPWSQTKWAGDLVGSC,0.0,0
VLFDFTGTDHKKNDWLDGSC,0.0,0
EVHLFNWAGQNHTGEKEGSC,0.0,0
KRYDSVRLMGQMQSITYGSC,0.0,0
REAMWQHKLYTEWPEDLGSC,0.0,0
WNIHERHRFDQPYDYGHGSC,0.0,0
EIEENDMFWKWVNPTPNGSC,0.0,0
NNEANPLHATDQDWNIPGSC,0.0,0
FFFDGANFHRPWAISEWGSC,0.0,0
QIVIYVPQMRNFAQVFYGSC,0.0,0
KIEFQFVTASWSKEDHSGSC,0.0,0
FNHMPWESGDIGAIFAYGSC,0.0,0
GRYVPFRFMDTDWDTHTGSC,0.0,0
QTERTESWHGEVPIIDLGSC,0.0,0
EKVWVYDMGNFQDKLYHGSC,0.0,0
GMSMRMGNLQRFMFHKFGSC,0.0,0
GVNPADDAQYTLPHLEMGSC,0.0,0
YTEIEPEVMSPHLLMLLGSC,0.0,0
WDYAMEEVTERQNHQTYGSC,0.0,0
VPLPIREMQYMVMYTMFGSC,0.0,0
PESGVPGILETYNGLAVGSC,0.0,0
YDRDWMEWAAPQVLTETGSC,0.0,0
VQEEISWQWVMPINPTRGSC,0.0,0
NGSHMFDSELQTLKSPVGSC,0.0,0
WDWTPWKKQPRDAYPIDGSC,0.0,0
QFKEDVVYIHPKMYVTQGSC,0.0,0
HAMNTQEIIIAFIYIYRGSC,0.0,0
ENIQQQERYSDFDGYYQGSC,0.0,0
TWPPFPEGASVQHLTEIGSC,0.0,0
AFEQETIADFTIFWPGAGSC,0.0,0
HHMDNGGIRLMMWEESSGSC,0.0,0
QFHFANYLSDPTKQMDTGSC,0.0,0
IYTIEAGSGDEGHQMISGSC,0.0,0
MSDRAEEPIQEGMVFREGSC,0.0,0
DKTWHYHYDDIYEIFWRGSC,0.0,0
AFDDSNHVHAAYAFPDNGSC,0.0,0
FPWAWNEISVETHEAWFGSC,0.0,0
NVWPEENFEMYKAANPPGSC,0.0,0
GYNYWIVEWDQDQWLMNGSC,0.0,0
WSWFGPWPIVFNVDAQWGSC,0.0,0
DHDIGRQILEGRYRDYTGSC,0.0,0
LHMNDPMEFSAFDSTRGGSC,0.0,0
HHRQLFSTEEEYLYMLNGSC,0.0,0
SVMSYADSWTGAYETLWGSC,0.0,0
VHIFRTSDQDTAHEYMNGSC,0.0,0
DGDPTAITNWWWETGNWGSC,0.0,0
NWNEGGISERIFEGAQPGSC,0.0,0
DLLYTRQVYAFVDGPVDGSC,0.0,0
FFMETHTAMVNIDYSLDGSC,0.0,0
DVANTSLSKGWTWLFEPGSC,0.0,0
TAYYDSVRLWSTEYSRPGSC,0.0,0
MEGIDQVIAQRDPHMGYGSC,0.0,0
SFIGSMINWYMGKYWMTGSC,0.0,0
FAHGFGSDPANWNFPWQGSC,0.0,0
WISWDYDLKHEGTQDWFGSC,0.0,0
ILDRRETAWNEHFSKFRGSC,0.0,0
MIDNMEWWQALEWGQNMGSC,0.0,0
AFDYNGNEIRVTGPQYIGSC,0.0,0
ELTNNYVSHTNLTEMMFGSC,0.0,0
MQSRPLHDSMNTEGGKSGSC,0.0,0
SENPFGLDWFFQADFRQGSC,0.0,0
GKPVSTWEDYNSDFTTMGSC,0.0,0
THKGRWDTVEYYYWMTVGSC,0.0,0
GPHQLEGQVFAGPMPNEGSC,0.0,0
HKETQNIGHNGWFSHMPGSC,0.0,0
YWIVAGATDAWASIMDFGSC,0.0,0
ETFMQYTMQAAVARNGPGSC,0.0,0
SHDVIAQLAGMWMDNNTGSC,0.0,0
DINWERPIDMVAFDDLHGSC,0.0,0
SSMGHEHMHHEGMEEEPGSC,0.0,0
QQGIDGLIKTDQLVLEMGSC,0.0,0
ETENQIAEIIAFVYPNFGSC,0.0,0
SYMEMASPLSELITIFQGSC,0.0,0
HVAPQPPVPDPRIDIPGGSC,0.0,0
IDMVVFMGLWKQLGEEIGSC,0.0,0
DDSRWHIVAPMHSFPWLGSC,0.0,0
VVGGDPFQVWTWQATDNGSC,0.0,0
WNSSTTFPPPLMNATNYGSC,0.0,0
HFGSLILHVGYYNPIVHGSC,0.0,0
FPPHNDTFGMMGRDQQLGSC,0.0,0
LYFYIKGTMYMQKDENEGSC,0.0,0
NVDLDTFSRVQDSNVINGSC,0.0,0
LYELYLEYFMMWLEHTFGSC,0.0,0
NFEESYLIFWDVVTWFTGSC,0.0,0
VLDGFADIGDDINDGYRGSC,0.0,0
TWEQPRLREPTGQGDQFGSC,0.0,0
QYFWWLDQDDQTEITGKGSC,0.0,0
SNIEHNAYVSYLLFNPQGSC,0.0,0
ILAHQIFDWNIHPIDKPGSC,0.0,0
YVWQQQRVEPWMDSLMLGSC,0.0,0
VRAMQVDDWLWEVNHQNGSC,0.0,0
YEAQMPQYETFYRVPDYGSC,0.0,0
LPNNHAFDLLQATDMPYGSC,0.0,0
MPGGEEYFIQFAQGADKGSC,0.0,0
YHNFNAVPFYKWLDTWNGSC,0.0,0
LEYGRWLETTVMYDIIIGSC,0.0,0
TQVSYNYWSEGWGWFWVGSC,0.0,0
PHHNLIASPEKEYYPDGGSC,0.0,0
EIDGQVGYHYTEYAAHFGSC,0.0,0
KAMSIHQLANPFDWHFWGSC,0.0,0
NKGFHDEMHDEMKFYPYGSC,0.0,0
TWAGVENMSMLDMEGSWGSC,0.0,0
FWTNIGKAQDAMEPELFGSC,0.0,0
KSIPFQIYEFFMLYEWFGSC,0.0,0
LGQEPALKERWAVYDFDGSC,0.0,0
WAAIAPVFRDFELDAFEGSC,0.0,0
NGTYLTETYYDTQHDTEGSC,0.0,0
FTADNQVQQVDDAHQITGSC,0.0,0
NIMKPSPITYKENNYEQGSC,0.0,0
WGYIQYGIYFDDTMQVKGSC,0.0,0
FFSMLLYQFIQAGIRIWGSC,0.0,0
EARGPKLNQGVSYTEWLGSC,0.0,0
LGAHMLFVDVYDNDIGEGSC,0.0,0
VYMFVIAWVYRWGVRYFGSC,0.0,0
GYYHEQPTVWMLKIMDIGSC,0.0,0
AHYWAAGNDWYSPHDYKGSC,0.0,0
LFSILGQKVAQEWEYSDGSC,0.0,0
FEYPDVGQAQEHYIVADGSC,0.0,0
EVDYAQETEQIQENANHGSC,0.0,0
QSNILRQYSQYHDNEAPGSC,0.0,0
IIVPYQTFLYWGLSEDMGSC,0.0,0
MRYQMNIDTLWQLMLQAGSC,0.0,0
YVFFNLNAVIDPPQFNMGSC,0.0,0
TGPRPHTGQVMQDTDEGGSC,0.0,0
QKLNEQWILTTNNLGRAGSC,0.0,0
LLMPEFDHLFWNSHYEEGSC,0.0,0
MHWSWIDNYITNNTATAGSC,0.0,0
PYHQTRWFYEFHEIVFPGSC,0.0,0
IIHWKQYHADMLLLEWKGSC,0.0,0
FTDVPIDIWNAHVTPHHGSC,0.0,0
DFRGSSLGIEMIFTSFTGSC,0.0,0
VAYGVPAFTLDSDAHVDGSC,0.0,0
FHGHHIGFDSTTQYYYSGSC,0.0,0
GEASDNYKWWWDHVVYPGSC,0.0,0
RRWAFGIHDAKAEVWHMGSC,0.0,0
FNGHSVMRIYEYFQMNNGSC,0.0,0
MVPSEPQSAQEGFKQTWGSC,0.0,0
HTELMQEQNYWWDFPIDGSC,0.0,0
YKNSREMGMEWKNPEFQGSC,0.0,0
EQEYTKWWFLITFSTRWGSC,0.0,0
SLNDYVPPHMHTVPQEPGSC,0.0,0
PEKQMYVTDHAVEFQWVGSC,0.0,0
FGLITWFEYSLAESLAPGSC,0.0,0
VRYDHAVVQWIDTGLMTGSC,0.0,0
HKTFLMVFQVFQFLYQGGSC,0.0,0
KMAFNGYTNDWSDFSKGGSC,0.0,0
AQASVAMVVVFEHEQSLGSC,0.0,0
MRSADGEMGHEMHDEVWGSC,0.0,0
PEGQGWREPRFHQWQKEGSC,0.0,0
QIWIISYLWVNMSWIIIGSC,0.0,0
PNLDEFKPFVYMYSNQYGSC,0.0,0
VIQLNNAQYAFEKHNILGSC,0.0,0
QWWDQWWQWPQTKAFNSGSC,0.0,0
ETFFSESMKNNVWDTEWGSC,0.0,0
EMQFYEWQSMGAYMMLVGSC,0.0,0
YTIKIVDATPLIANTSSGSC,0.0,0
WDHPQEQHVEPVWYNNMGSC,0.0,0
FQHLQQPHYHIHSYDMEGSC,0.0,0
TAKPIESATWSKVDGWIGSC,0.0,0
WGPIEDFDKSMHLALGHGSC,0.0,0
HMRGWITPIEWLIGDSIGSC,0.0,0
WSGMTLRINARFYQWDDGSC,0.0,0
TRPQLMYIDMHVSFKGGGSC,0.0,0
SVYKKTENHGGEVDSEIGSC,0.0,0
VKEGTGGHVGDLVPEIYGSC,0.0,0
GLIYDNWDSYYSMSQPFGSC,0.0,0
APVPVPHNWAEKFEQVNGSC,0.0,0
SQMEVTVTAHADAIGDAGSC,0.0,0
IEYAFNKNGFWATEPFIGSC,0.0,0
SLDTKMFIKFADEHFLTGSC,0.0,0
VQLLWYWNEQWRINFHLGSC,0.0,0
AAKREKNAFFMMHWQNEGSC,0.0,0
TVYPDLEQAHYMSGGQQGSC,0.0,0
KDSLAREGSHSWGIFTTGSC,0.0,0
GGFIENPWANPSNSTFTGSC,0.0,0
KIDYSDHQPLRTEQANTGSC,0.0,0
DYAWWWGMEELMQWEDTGSC,0.0,0
TMFADDLAVQPTWYHLVGSC,0.0,0
VHYEYFPQYYYEYDTMGGSC,0.0,0
FKLTTTISGEAIMQIELGSC,0.0,0
ETASFFYNIDLAWAIFRGSC,0.0,0
DHWWMMQTRVLWEVATGGSC,0.0,0
TIVWDMAVEVQLWQWGSGSC,0.0,0
TDNTWSMYDPPSNWNWNGSC,0.0,0
EPAWNDSLWAFNHEYNKGSC,0.0,0
TAMPMNEGFDNEDDPMFGSC,0.0,0
LQTAEQKFNDEKESLGKGSC,0.0,0
IGRNFKLNFQDQSEQAIGSC,0.0,0
FRYENLYNKQPTEYEPFGSC,0.0,0
MYWPTHNDMGFGWNFSWGSC,0.0,0
IVTVVDQVDDIEYEDPEGSC,0.0,0
QVGISHYPEDIVPNQLDGSC,0.0,0
NQYVPIFSQPEDPVQQEGSC,0.0,0
FMTLKWLKNDTAHFEYDGSC,0.0,0
DSEVEDMENIAVQHVPQGSC,0.0,0
DAAIWEFYEFHPQWFNMGSC,0.0,0
HFWKQLMESTYDSILPFGSC,0.0,0
LLNLAIAFDYDDYHSQSGSC,0.0,0
VSDYMHLQGAEEGKSQLGSC,0.0,0
MPFQTDTLSHVEWGSQHGSC,0.0,0
AGLFSWWADQYTTHPFEGSC,0.0,0
ASMQPNVYISMNYMWFGGSC,0.0,0
FNRNDNTTAFWTVVITGGSC,0.0,0
PKWTLVWMFESIEQMQPGSC,0.0,0
LNPTTGAKQSNDMRENMGSC,0.0,0
KGIFIDYTSWFGWAVEGGSC,0.0,0
YGEFASLNYATKYSADPGSC,0.0,0
IYVSKEGIHLYWHIIFDGSC,0.0,0
SEHVPDHDHSYPRLYSVGSC,0.0,0
NSWNNEQTPGEHFPNFLGSC,0.0,0
FWWYPGDHLAGGKMSKDGSC,0.0,0
QFWDINPQPFEFTWEYGGSC,0.0,0
KISHINAVIATFTYAKLGSC,0.0,0
VEIDIYPEPQPDNQYDYGSC,0.0,0
LNDDDSKYEGSITIDMWGSC,0.0,0
LTFTQWGSMKGDPAPYYGSC,0.0,0
ILFDDWGKTVLDALFENGSC,0.0,0
WYQEDLDKWEPMYIRTKGSC,0.0,0
YHPMESDPWFTHVTPFQGSC,0.0,0
VTPDQFFMPHSVKGWGDGSC,0.0,0
RGNNEYVYEVGQWSEDQGSC,0.0,0
MKHTDWGDNRFPDEQHVGSC,0.0,0
MMYHAMESWWQVRWTTIGSC,0.0,0
NKNSMNMNYPQYEGDFMGSC,0.0,0
PEMTLVEQGYFLFHSEIGSC,0.0,0
DSWPIAGWNIWEKHLYTGSC,0.0,0
FRPYLIIIYIALDTTWLGSC,0.0,0
RSNMPHAHDMTGFPDVLGSC,0.0,0
TFAAFQFNVGYIFPIPEGSC,0.0,0
WWWIDVVNHHYAILEPWGSC,0.0,0
FHGFQNAWQMWMPMMGQGSC,0.0,0
VPEYTDTDSANTIVPEVGSC,0.0,0
TEQWSVNVQRHEPYNYHGSC,0.0,0
AHFLINTWPLGPEFELKGSC,0.0,0
TVFMHIVWYWKVEWWMGGSC,0.0,0
ENHIPSKFDFILFPEQQGSC,0.0,0
FVTNYYYIASQGPVEALGSC,0.0,0
MWDYLVELYRAFNDNFVGSC,0.0,0
SAMAHHAVYMNIHIAFRGSC,0.0,0
KPVTVKYSDMQIAFHYWGSC,0.0,0
YDPMVFGFSFWIPEQDHGSC,0.0,0
YGARMGEYDWDKHAMVAGSC,0.0,0
HFFNDQMMDMSEQDLYAGSC,0.0,0
DSIMEVANTVSVNMAHMGSC,0.0,0
VAATNVFPSAEVNGYQSGSC,0.0,0
EVNDRNRFEYSWEVGKGGSC,0.0,0
SHYPNQTAQMSYNAAAGGSC,0.0,0
QVNGIHKDYHLPWWSNDGSC,0.0,0
GDYLFPSSRFVEKNSDDGSC,0.0,0
WDAFWVHAHPYVHQNQLGSC,0.0,0
NYGYDQYVSDQVGPNTNGSC,0.0,0
HRMVTAWEYGEYSFLPGGSC,0.0,0
HEYMVPQPDTQFQPPLYGSC,0.0,0
HLDDFAVMDIPREWNIDGSC,0.0,0
QMDHPGERYPFWLEAYFGSC,0.0,0
NMPIFLSGPLHSEVMTAGSC,0.0,0
EHAEQAFWAMPDQQIHTGSC,0.0,0
VQFWEISDYFTSLIRLGGSC,0.0,0
MFIVNKSDLVWPEYSSWGSC,0.0,0
YNWHQMQKLQAIVDETVGSC,0.0,0
LQESTHDSHGFMGQAMMGSC,0.0,0
QSGIMQQDTLNDNSLGWGSC,0.0,0
QWAWDGNISAQIVNAGTGSC,0.0,0
PWIGMDDRNYTDALMWTGSC,0.0,0
YHFTSHRLDAWHMADAHGSC,0.0,0
